Temps;Canal A;Canal B
(ms);(V);(V)

-50,09407923;0,90548420;-0,00061037
-50,05311923;0,90548420;0,09063997
-50,01215923;0,90548420;-0,00061037
-49,97119923;0,90548420;-0,00061037
-49,93023923;0,90548420;-0,00061037
-49,88927923;0,90548420;-0,00061037
-49,84831923;0,90548420;-0,00061037
-49,80735923;0,90548420;-0,00061037
-49,76639923;0,90548420;-0,00061037
-49,72543923;0,90548420;-0,00061037
-49,68447923;0,90548420;-0,00061037
-49,64351923;0,90548420;-0,00061037
-49,60255923;0,90548420;-0,00061037
-49,56159923;0,90548420;-0,00061037
-49,52063923;0,90548420;-0,00061037
-49,47967923;0,90548420;-0,00061037
-49,43871923;0,90548420;-0,00061037
-49,39775923;0,90548420;-0,00061037
-49,35679923;0,90548420;-0,00061037
-49,31583923;0,90548420;-0,00061037
-49,27487923;0,90548420;-0,00061037
-49,23391923;0,90548420;-0,00061037
-49,19295923;0,90548420;-0,00061037
-49,15199923;0,90548420;-0,00061037
-49,11103923;0,90548420;-0,00061037
-49,07007923;0,90548420;-0,00061037
-49,02911923;0,90548420;-0,00061037
-48,98815923;0,90548420;-0,00061037
-48,94719923;0,90548420;-0,00061037
-48,90623923;0,90548420;-0,00061037
-48,86527923;0,90548420;-0,00061037
-48,82431923;0,90548420;-0,00061037
-48,78335923;0,90548420;-0,00061037
-48,74239923;0,90548420;-0,00061037
-48,70143923;0,90548420;-0,00061037
-48,66047923;0,90548420;-0,00061037
-48,61951924;0,90548420;-0,00061037
-48,57855924;0,90548420;-0,00061037
-48,53759924;0,90548420;-0,00061037
-48,49663924;0,90548420;-0,00061037
-48,45567924;0,90548420;-0,00061037
-48,41471924;0,90548420;-0,00061037
-48,37375924;0,90548420;-0,00061037
-48,33279924;0,90548420;-0,00061037
-48,29183924;0,90548420;-0,00061037
-48,25087924;0,90548420;-0,00061037
-48,20991924;0,90548420;-0,00061037
-48,16895924;0,90548420;-0,00061037
-48,12799924;0,90548420;-0,00061037
-48,08703924;0,90548420;-0,00061037
-48,04607924;0,90548420;-0,00061037
-48,00511924;0,90548420;-0,00061037
-47,96415924;0,90548420;-0,00061037
-47,92319924;0,90548420;-0,00061037
-47,88223924;0,90548420;-0,00061037
-47,84127924;0,90548420;-0,00061037
-47,80031924;0,90548420;-0,00061037
-47,75935924;0,90548420;-0,00061037
-47,71839924;0,90548420;-0,00061037
-47,67743924;0,90548420;-0,00061037
-47,63647924;0,90548420;-0,00061037
-47,59551924;0,90548420;-0,00061037
-47,55455924;0,90548420;-0,00061037
-47,51359924;0,90548420;-0,00061037
-47,47263924;0,90548420;-0,00061037
-47,43167924;0,90548420;-0,00061037
-47,39071924;0,90548420;-0,00061037
-47,34975924;0,90548420;-0,00061037
-47,30879924;0,90548420;-0,00061037
-47,26783924;0,90548420;-0,00061037
-47,22687924;0,90548420;-0,00061037
-47,18591924;0,90548420;0,09063997
-47,14495924;0,90548420;-0,00061037
-47,10399924;0,90548420;-0,00061037
-47,06303924;0,90548420;-0,00061037
-47,02207924;0,90548420;-0,00061037
-46,98111925;0,90548420;-0,00061037
-46,94015925;0,90548420;-0,00061037
-46,89919925;0,90548420;-0,00061037
-46,85823925;0,90548420;-0,00061037
-46,81727925;0,90548420;-0,00061037
-46,77631925;0,90548420;-0,00061037
-46,73535925;0,90548420;-0,00061037
-46,69439925;0,81575980;-0,00061037
-46,65343925;0,90548420;-0,00061037
-46,61247925;0,90548420;-0,00061037
-46,57151925;0,90548420;-0,00061037
-46,53055925;0,90548420;-0,00061037
-46,48959925;0,90548420;-0,00061037
-46,44863925;0,90548420;-0,00061037
-46,40767925;0,90548420;-0,00061037
-46,36671925;0,90548420;-0,00061037
-46,32575925;0,90548420;-0,00061037
-46,28479925;0,90548420;-0,00061037
-46,24383925;0,90548420;-0,00061037
-46,20287925;0,90548420;-0,00061037
-46,16191925;0,90548420;-0,00061037
-46,12095925;0,90548420;-0,00061037
-46,07999925;0,90548420;-0,00061037
-46,03903925;0,90548420;-0,00061037
-45,99807925;0,90548420;-0,00061037
-45,95711925;0,90548420;-0,00061037
-45,91615925;0,90548420;-0,00061037
-45,87519925;0,90548420;-0,00061037
-45,83423925;0,90548420;-0,00061037
-45,79327925;0,90548420;-0,00061037
-45,75231925;0,90548420;-0,00061037
-45,71135925;0,90548420;-0,00061037
-45,67039925;0,90548420;-0,00061037
-45,62943925;0,90548420;-0,00061037
-45,58847925;0,90548420;-0,00061037
-45,54751925;0,90548420;-0,00061037
-45,50655925;0,90548420;-0,00061037
-45,46559925;0,90548420;-0,00061037
-45,42463925;0,90548420;-0,00061037
-45,38367925;0,90548420;-0,00061037
-45,34271926;0,90548420;-0,00061037
-45,30175926;0,90548420;-0,00061037
-45,26079926;0,90548420;-0,00061037
-45,21983926;0,90548420;-0,00061037
-45,17887926;0,90548420;-0,00061037
-45,13791926;0,90548420;-0,00061037
-45,09695926;0,90548420;-0,00061037
-45,05599926;0,90548420;-0,00061037
-45,01503926;0,90548420;-0,00061037
-44,97407926;0,90548420;-0,00061037
-44,93311926;0,81575980;-0,00061037
-44,89215926;0,90548420;-0,00061037
-44,85119926;0,90548420;-0,00061037
-44,81023926;0,90548420;-0,00061037
-44,76927926;0,90548420;-0,00061037
-44,72831926;0,90548420;-0,00061037
-44,68735926;0,90548420;-0,00061037
-44,64639926;0,90548420;-0,00061037
-44,60543926;0,90548420;-0,00061037
-44,56447926;0,90548420;-0,00061037
-44,52351926;0,90548420;2,00384500
-44,48255926;0,81575980;2,00384500
-44,44159926;0,90548420;2,00384500
-44,40063926;0,81575980;2,00384500
-44,35967926;0,90548420;2,00384500
-44,31871926;0,90548420;2,00384500
-44,27775926;0,90548420;2,00384500
-44,23679926;0,90548420;2,00384500
-44,19583926;0,90548420;2,00384500
-44,15487926;0,90548420;2,00384500
-44,11391926;0,81575980;2,00384500
-44,07295926;0,90548420;2,00384500
-44,03199926;0,90548420;2,00384500
-43,99103926;0,90548420;2,00384500
-43,95007926;0,90548420;2,00384500
-43,90911926;0,90548420;2,00384500
-43,86815926;0,90548420;2,00384500
-43,82719926;0,90548420;2,00384500
-43,78623926;0,90548420;2,00384500
-43,74527926;0,90548420;2,00384500
-43,70431927;0,90548420;2,00384500
-43,66335927;0,90548420;2,00384500
-43,62239927;0,90548420;2,00384500
-43,58143927;0,90548420;2,00384500
-43,54047927;0,90548420;2,00384500
-43,49951927;0,90548420;2,00384500
-43,45855927;0,90548420;2,00384500
-43,41759927;0,90548420;2,00384500
-43,37663927;0,90548420;2,00384500
-43,33567927;0,90548420;2,00384500
-43,29471927;0,90548420;2,00384500
-43,25375927;0,90548420;2,00384500
-43,21279927;0,90548420;2,00384500
-43,17183927;0,90548420;2,00384500
-43,13087927;0,90548420;2,00384500
-43,08991927;0,90548420;2,00384500
-43,04895927;0,90548420;2,00384500
-43,00799927;0,90548420;2,00384500
-42,96703927;0,90548420;2,00384500
-42,92607927;0,90548420;2,00384500
-42,88511927;0,90548420;2,00384500
-42,84415927;0,90548420;2,00384500
-42,80319927;0,90548420;2,00384500
-42,76223927;0,90548420;2,00384500
-42,72127927;0,90548420;2,00384500
-42,68031927;0,90548420;2,00384500
-42,63935927;0,90548420;2,00384500
-42,59839927;0,90548420;2,00384500
-42,55743927;0,90548420;2,00384500
-42,51647927;0,90548420;2,00384500
-42,47551927;0,90548420;2,00384500
-42,43455927;0,90548420;2,00384500
-42,39359927;0,90548420;2,00384500
-42,35263927;0,90548420;2,00384500
-42,31167927;0,90548420;2,00384500
-42,27071927;0,90548420;2,00384500
-42,22975927;0,90548420;2,00384500
-42,18879927;0,90548420;2,00384500
-42,14783927;0,90548420;2,00384500
-42,10687927;0,90548420;2,00384500
-42,06591928;0,90548420;2,00384500
-42,02495928;0,90548420;2,00384500
-41,98399928;0,90548420;2,00384500
-41,94303928;0,90548420;2,00384500
-41,90207928;0,90548420;2,00384500
-41,86111928;0,90548420;2,00384500
-41,82015928;0,90548420;2,00384500
-41,77919928;0,90548420;2,00384500
-41,73823928;0,90548420;2,00384500
-41,69727928;0,90548420;2,00384500
-41,65631928;0,90548420;2,00384500
-41,61535928;0,90548420;2,00384500
-41,57439928;0,90548420;2,00384500
-41,53343928;0,90548420;2,00384500
-41,49247928;0,90548420;2,00384500
-41,45151928;0,90548420;2,00384500
-41,41055928;0,90548420;2,00384500
-41,36959928;0,90548420;2,00384500
-41,32863928;0,81575980;2,00384500
-41,28767928;0,90548420;2,00384500
-41,24671928;0,90548420;2,00384500
-41,20575928;0,90548420;2,00384500
-41,16479928;0,90548420;2,00384500
-41,12383928;0,90548420;2,00384500
-41,08287928;0,90548420;2,00384500
-41,04191928;0,90548420;2,00384500
-41,00095928;0,90548420;2,00384500
-40,95999928;0,90548420;2,00384500
-40,91903928;0,90548420;2,00384500
-40,87807928;0,90548420;2,00384500
-40,83711928;0,90548420;2,00384500
-40,79615928;0,90548420;2,00384500
-40,75519928;0,90548420;2,00384500
-40,71423928;0,90548420;2,00384500
-40,67327928;0,90548420;2,00384500
-40,63231928;0,90548420;2,00384500
-40,59135928;0,90548420;2,00384500
-40,55039928;0,90548420;2,00384500
-40,50943928;0,90548420;2,00384500
-40,46847928;0,90548420;2,00384500
-40,42751929;0,90548420;2,00384500
-40,38655929;0,90548420;2,00384500
-40,34559929;0,90548420;2,00384500
-40,30463929;0,90548420;2,00384500
-40,26367929;0,90548420;2,00384500
-40,22271929;0,90548420;2,00384500
-40,18175929;0,90548420;2,00384500
-40,14079929;0,90548420;2,00384500
-40,09983929;0,90548420;2,00384500
-40,05887929;0,90548420;2,00384500
-40,01791929;0,90548420;2,00384500
-39,97695929;0,90548420;2,00384500
-39,93599929;0,90548420;2,00384500
-39,89503929;0,90548420;2,00384500
-39,85407929;0,90548420;2,00384500
-39,81311929;0,90548420;2,00384500
-39,77215929;0,90548420;2,00384500
-39,73119929;0,90548420;2,00384500
-39,69023929;0,90548420;2,00384500
-39,64927929;0,90548420;2,00384500
-39,60831929;0,90548420;2,00384500
-39,56735929;0,90548420;2,00384500
-39,52639929;0,90548420;2,00384500
-39,48543929;0,90548420;2,00384500
-39,44447929;0,90548420;2,00384500
-39,40351929;0,90548420;2,00384500
-39,36255929;0,90548420;2,00384500
-39,32159929;0,90548420;2,00384500
-39,28063929;0,90548420;2,00384500
-39,23967929;0,90548420;2,00384500
-39,19871929;0,90548420;2,00384500
-39,15775929;0,90548420;2,00384500
-39,11679929;0,90548420;2,00384500
-39,07583929;0,90548420;2,00384500
-39,03487929;0,90548420;2,00384500
-38,99391929;0,90548420;2,00384500
-38,95295929;0,90548420;2,00384500
-38,91199929;0,90548420;2,00384500
-38,87103929;0,90548420;2,00384500
-38,83007929;0,90548420;2,00384500
-38,78911929;0,90548420;2,00384500
-38,74815930;0,90548420;2,00384500
-38,70719930;0,90548420;2,00384500
-38,66623930;0,90548420;2,00384500
-38,62527930;0,90548420;2,00384500
-38,58431930;0,90548420;2,00384500
-38,54335930;0,90548420;2,00384500
-38,50239930;0,90548420;2,00384500
-38,46143930;0,90548420;2,00384500
-38,42047930;0,90548420;2,00384500
-38,37951930;0,90548420;2,00384500
-38,33855930;0,90548420;2,00384500
-38,29759930;0,90548420;2,00384500
-38,25663930;0,99520860;2,00384500
-38,21567930;0,90548420;2,00384500
-38,17471930;0,90548420;2,00384500
-38,13375930;0,90548420;2,00384500
-38,09279930;0,90548420;2,00384500
-38,05183930;0,90548420;2,00384500
-38,01087930;0,90548420;2,00384500
-37,96991930;0,90548420;2,00384500
-37,92895930;0,90548420;2,00384500
-37,88799930;0,90548420;2,00384500
-37,84703930;0,90548420;2,00384500
-37,80607930;0,90548420;2,00384500
-37,76511930;0,90548420;2,00384500
-37,72415930;0,90548420;2,00384500
-37,68319930;0,90548420;2,00384500
-37,64223930;0,90548420;2,00384500
-37,60127930;0,90548420;2,00384500
-37,56031930;0,99520860;2,00384500
-37,51935930;0,90548420;2,00384500
-37,47839930;0,90548420;2,00384500
-37,43743930;0,90548420;2,00384500
-37,39647930;0,90548420;2,00384500
-37,35551930;0,90548420;2,00384500
-37,31455930;0,90548420;2,00384500
-37,27359930;0,90548420;2,00384500
-37,23263930;0,99520860;2,00384500
-37,19167930;0,99520860;2,00384500
-37,15071930;0,99520860;2,00384500
-37,10975931;0,99520860;2,00384500
-37,06879931;0,99520860;2,00384500
-37,02783931;0,90548420;2,00384500
-36,98687931;0,90548420;2,00384500
-36,94591931;0,90548420;2,00384500
-36,90495931;0,90548420;2,00384500
-36,86399931;0,90548420;2,00384500
-36,82303931;0,90548420;2,00384500
-36,78207931;0,90548420;2,00384500
-36,74111931;0,90548420;2,00384500
-36,70015931;0,99520860;2,00384500
-36,65919931;0,90548420;2,00384500
-36,61823931;0,90548420;2,00384500
-36,57727931;0,90548420;2,00384500
-36,53631931;0,90548420;2,00384500
-36,49535931;0,90548420;2,00384500
-36,45439931;0,99520860;2,00384500
-36,41343931;0,99520860;2,00384500
-36,37247931;0,99520860;2,00384500
-36,33151931;0,99520860;2,00384500
-36,29055931;0,90548420;2,00384500
-36,24959931;0,99520860;2,00384500
-36,20863931;0,99520860;2,00384500
-36,16767931;0,90548420;2,00384500
-36,12671931;0,99520860;2,00384500
-36,08575931;0,90548420;2,00384500
-36,04479931;0,99520860;2,00384500
-36,00383931;0,90548420;2,00384500
-35,96287931;0,90548420;2,00384500
-35,92191931;0,99520860;2,00384500
-35,88095931;0,99520860;2,00384500
-35,83999931;0,90548420;2,00384500
-35,79903931;0,90548420;2,00384500
-35,75807931;0,99520860;2,00384500
-35,71711931;0,90548420;2,00384500
-35,67615931;0,90548420;2,00384500
-35,63519931;0,90548420;2,00384500
-35,59423931;0,90548420;2,00384500
-35,55327931;0,99520860;2,00384500
-35,51231931;0,99520860;2,00384500
-35,47135932;0,90548420;2,00384500
-35,43039932;0,99520860;2,00384500
-35,38943932;0,99520860;2,00384500
-35,34847932;0,90548420;2,00384500
-35,30751932;0,99520860;2,00384500
-35,26655932;0,99520860;2,00384500
-35,22559932;0,99520860;2,00384500
-35,18463932;0,99520860;2,00384500
-35,14367932;0,99520860;2,00384500
-35,10271932;0,90548420;2,00384500
-35,06175932;0,99520860;2,00384500
-35,02079932;0,99520860;2,00384500
-34,97983932;0,99520860;2,00384500
-34,93887932;0,99520860;2,00384500
-34,89791932;0,90548420;2,00384500
-34,85695932;0,99520860;2,00384500
-34,81599932;0,99520860;2,00384500
-34,77503932;0,99520860;2,00384500
-34,73407932;0,99520860;2,00384500
-34,69311932;0,99520860;2,00384500
-34,65215932;0,99520860;2,00384500
-34,61119932;0,99520860;2,00384500
-34,57023932;0,99520860;2,00384500
-34,52927932;0,99520860;-0,00061037
-34,48831932;0,99520860;-0,00061037
-34,44735932;0,99520860;-0,00061037
-34,40639932;0,99520860;-0,00061037
-34,36543932;0,90548420;-0,00061037
-34,32447932;0,99520860;-0,00061037
-34,28351932;0,90548420;-0,00061037
-34,24255932;0,90548420;-0,00061037
-34,20159932;0,90548420;-0,00061037
-34,16063932;0,99520860;-0,00061037
-34,11967932;0,99520860;-0,00061037
-34,07871932;0,90548420;-0,00061037
-34,03775932;0,99520860;-0,00061037
-33,99679932;0,99520860;-0,00061037
-33,95583932;0,99520860;-0,00061037
-33,91487932;0,90548420;-0,00061037
-33,87391932;0,90548420;-0,00061037
-33,83295933;0,99520860;-0,00061037
-33,79199933;0,99520860;-0,00061037
-33,75103933;0,90548420;-0,00061037
-33,71007933;0,90548420;-0,00061037
-33,66911933;0,90548420;-0,00061037
-33,62815933;0,90548420;-0,00061037
-33,58719933;0,99520860;-0,00061037
-33,54623933;0,90548420;0,09063997
-33,50527933;0,90548420;-0,00061037
-33,46431933;0,99520860;-0,00061037
-33,42335933;0,90548420;-0,00061037
-33,38239933;0,99520860;-0,00061037
-33,34143933;0,90548420;-0,00061037
-33,30047933;0,90548420;-0,00061037
-33,25951933;0,90548420;-0,00061037
-33,21855933;0,99520860;-0,00061037
-33,17759933;0,90548420;-0,00061037
-33,13663933;0,90548420;-0,00061037
-33,09567933;0,90548420;-0,00061037
-33,05471933;0,90548420;-0,00061037
-33,01375933;0,90548420;-0,00061037
-32,97279933;0,99520860;-0,00061037
-32,93183933;0,90548420;-0,00061037
-32,89087933;0,90548420;-0,00061037
-32,84991933;0,90548420;-0,00061037
-32,80895933;0,99520860;-0,00061037
-32,76799933;0,90548420;-0,00061037
-32,72703933;0,90548420;-0,00061037
-32,68607933;0,90548420;-0,00061037
-32,64511933;0,99520860;-0,00061037
-32,60415933;0,90548420;-0,00061037
-32,56319933;0,90548420;-0,00061037
-32,52223933;0,90548420;-0,00061037
-32,48127933;0,90548420;-0,00061037
-32,44031933;0,90548420;-0,00061037
-32,39935933;0,90548420;-0,00061037
-32,35839933;0,90548420;0,09063997
-32,31743933;0,90548420;0,09063997
-32,27647933;0,90548420;-0,00061037
-32,23551933;0,90548420;-0,00061037
-32,19455934;0,90548420;-0,00061037
-32,15359934;0,90548420;-0,00061037
-32,11263934;0,90548420;-0,00061037
-32,07167934;0,90548420;-0,00061037
-32,03071934;0,90548420;-0,00061037
-31,98975934;0,90548420;-0,00061037
-31,94879934;0,90548420;-0,00061037
-31,90783934;0,90548420;-0,00061037
-31,86687934;0,90548420;-0,00061037
-31,82591934;0,90548420;-0,00061037
-31,78495934;0,90548420;-0,00061037
-31,74399934;0,90548420;-0,00061037
-31,70303934;0,90548420;-0,00061037
-31,66207934;0,90548420;-0,00061037
-31,62111934;0,90548420;-0,00061037
-31,58015934;0,90548420;-0,00061037
-31,53919934;0,90548420;-0,00061037
-31,49823934;0,90548420;-0,00061037
-31,45727934;0,90548420;-0,00061037
-31,41631934;0,90548420;-0,00061037
-31,37535934;0,90548420;-0,00061037
-31,33439934;0,90548420;-0,00061037
-31,29343934;0,90548420;-0,00061037
-31,25247934;0,90548420;-0,00061037
-31,21151934;0,90548420;-0,00061037
-31,17055934;0,90548420;-0,00061037
-31,12959934;0,90548420;0,09063997
-31,08863934;0,90548420;-0,00061037
-31,04767934;0,90548420;-0,00061037
-31,00671934;0,90548420;-0,00061037
-30,96575934;0,90548420;-0,00061037
-30,92479934;0,90548420;-0,00061037
-30,88383934;0,90548420;-0,00061037
-30,84287934;0,90548420;-0,00061037
-30,80191934;0,90548420;-0,00061037
-30,76095934;0,90548420;-0,00061037
-30,71999934;0,90548420;-0,00061037
-30,67903934;0,90548420;-0,00061037
-30,63807934;0,90548420;-0,00061037
-30,59711934;0,90548420;-0,00061037
-30,55615934;0,90548420;-0,00061037
-30,51519935;0,90548420;-0,00061037
-30,47423935;0,90548420;-0,00061037
-30,43327935;0,90548420;-0,00061037
-30,39231935;0,90548420;-0,00061037
-30,35135935;0,90548420;-0,00061037
-30,31039935;0,90548420;-0,00061037
-30,26943935;0,90548420;-0,00061037
-30,22847935;0,90548420;-0,00061037
-30,18751935;0,90548420;-0,00061037
-30,14655935;0,90548420;-0,00061037
-30,10559935;0,90548420;-0,00061037
-30,06463935;0,90548420;-0,00061037
-30,02367935;0,90548420;-0,00061037
-29,98271935;0,90548420;-0,00061037
-29,94175935;0,90548420;-0,00061037
-29,90079935;0,90548420;-0,00061037
-29,85983935;0,90548420;-0,00061037
-29,81887935;0,90548420;-0,00061037
-29,77791935;0,90548420;-0,00061037
-29,73695935;0,90548420;-0,00061037
-29,69599935;0,90548420;-0,00061037
-29,65503935;0,90548420;-0,00061037
-29,61407935;0,90548420;-0,00061037
-29,57311935;0,90548420;-0,00061037
-29,53215935;0,90548420;-0,00061037
-29,49119935;0,90548420;-0,00061037
-29,45023935;0,90548420;-0,00061037
-29,40927935;0,90548420;-0,00061037
-29,36831935;0,90548420;-0,00061037
-29,32735935;0,90548420;-0,00061037
-29,28639935;0,90548420;-0,00061037
-29,24543935;0,90548420;-0,00061037
-29,20447935;0,90548420;-0,00061037
-29,16351935;0,90548420;-0,00061037
-29,12255935;0,90548420;-0,00061037
-29,08159935;0,90548420;-0,00061037
-29,04063935;0,90548420;-0,00061037
-28,99967935;0,90548420;-0,00061037
-28,95871935;0,90548420;-0,00061037
-28,91775935;0,90548420;-0,00061037
-28,87679936;0,90548420;-0,00061037
-28,83583936;0,90548420;-0,00061037
-28,79487936;0,90548420;-0,00061037
-28,75391936;0,90548420;-0,00061037
-28,71295936;0,90548420;-0,00061037
-28,67199936;0,90548420;-0,00061037
-28,63103936;0,90548420;-0,00061037
-28,59007936;0,90548420;-0,00061037
-28,54911936;0,90548420;-0,00061037
-28,50815936;0,90548420;-0,00061037
-28,46719936;0,90548420;0,09063997
-28,42623936;0,90548420;-0,00061037
-28,38527936;0,90548420;-0,00061037
-28,34431936;0,90548420;-0,00061037
-28,30335936;0,90548420;-0,00061037
-28,26239936;0,90548420;-0,00061037
-28,22143936;0,90548420;-0,00061037
-28,18047936;0,90548420;-0,00061037
-28,13951936;0,90548420;-0,00061037
-28,09855936;0,90548420;-0,00061037
-28,05759936;0,90548420;-0,00061037
-28,01663936;0,90548420;-0,00061037
-27,97567936;0,90548420;-0,00061037
-27,93471936;0,90548420;-0,00061037
-27,89375936;0,90548420;-0,00061037
-27,85279936;0,90548420;-0,00061037
-27,81183936;0,90548420;-0,00061037
-27,77087936;0,90548420;-0,00061037
-27,72991936;0,90548420;-0,00061037
-27,68895936;0,90548420;-0,00061037
-27,64799936;0,90548420;-0,00061037
-27,60703936;0,90548420;-0,00061037
-27,56607936;0,90548420;-0,00061037
-27,52511936;0,90548420;-0,00061037
-27,48415936;0,90548420;-0,00061037
-27,44319936;0,90548420;-0,00061037
-27,40223936;0,90548420;-0,00061037
-27,36127936;0,90548420;-0,00061037
-27,32031936;0,90548420;-0,00061037
-27,27935936;0,90548420;-0,00061037
-27,23839937;0,90548420;-0,00061037
-27,19743937;0,90548420;-0,00061037
-27,15647937;0,90548420;-0,00061037
-27,11551937;0,90548420;-0,00061037
-27,07455937;0,90548420;-0,00061037
-27,03359937;0,90548420;-0,00061037
-26,99263937;0,90548420;-0,00061037
-26,95167937;0,90548420;-0,00061037
-26,91071937;0,90548420;-0,00061037
-26,86975937;0,90548420;-0,00061037
-26,82879937;0,90548420;-0,00061037
-26,78783937;0,90548420;-0,00061037
-26,74687937;0,90548420;-0,00061037
-26,70591937;0,90548420;-0,00061037
-26,66495937;0,90548420;-0,00061037
-26,62399937;0,90548420;-0,00061037
-26,58303937;0,90548420;-0,00061037
-26,54207937;0,90548420;-0,00061037
-26,50111937;0,90548420;-0,00061037
-26,46015937;0,90548420;-0,00061037
-26,41919937;0,90548420;-0,00061037
-26,37823937;0,90548420;-0,00061037
-26,33727937;0,90548420;-0,00061037
-26,29631937;0,90548420;-0,00061037
-26,25535937;0,90548420;-0,00061037
-26,21439937;0,90548420;-0,00061037
-26,17343937;0,90548420;-0,00061037
-26,13247937;0,90548420;0,09063997
-26,09151937;0,90548420;0,09063997
-26,05055937;0,90548420;-0,00061037
-26,00959937;0,90548420;-0,00061037
-25,96863937;0,90548420;-0,00061037
-25,92767937;0,90548420;-0,00061037
-25,88671937;0,90548420;-0,00061037
-25,84575937;0,90548420;-0,00061037
-25,80479937;0,90548420;-0,00061037
-25,76383937;0,90548420;-0,00061037
-25,72287937;0,90548420;-0,00061037
-25,68191937;0,90548420;-0,00061037
-25,64095937;0,90548420;-0,00061037
-25,59999938;0,90548420;-0,00061037
-25,55903938;0,90548420;-0,00061037
-25,51807938;0,90548420;-0,00061037
-25,47711938;0,90548420;-0,00061037
-25,43615938;0,90548420;-0,00061037
-25,39519938;0,90548420;-0,00061037
-25,35423938;0,81575980;-0,00061037
-25,31327938;0,90548420;-0,00061037
-25,27231938;0,90548420;-0,00061037
-25,23135938;0,90548420;-0,00061037
-25,19039938;0,90548420;-0,00061037
-25,14943938;0,81575980;-0,00061037
-25,10847938;0,81575980;-0,00061037
-25,06751938;0,81575980;-0,00061037
-25,02655938;0,90548420;-0,00061037
-24,98559938;0,90548420;-0,00061037
-24,94463938;0,81575980;-0,00061037
-24,90367938;0,90548420;-0,00061037
-24,86271938;0,90548420;-0,00061037
-24,82175938;0,90548420;-0,00061037
-24,78079938;0,90548420;-0,00061037
-24,73983938;0,90548420;-0,00061037
-24,69887938;0,90548420;-0,00061037
-24,65791938;0,81575980;-0,00061037
-24,61695938;0,90548420;-0,00061037
-24,57599938;0,90548420;-0,00061037
-24,53503938;0,90548420;2,00384500
-24,49407938;0,90548420;2,00384500
-24,45311938;0,90548420;2,00384500
-24,41215938;0,90548420;2,00384500
-24,37119938;0,90548420;2,00384500
-24,33023938;0,90548420;2,00384500
-24,28927938;0,90548420;2,00384500
-24,24831938;0,90548420;2,00384500
-24,20735938;0,90548420;2,00384500
-24,16639938;0,81575980;2,00384500
-24,12543938;0,81575980;2,00384500
-24,08447938;0,90548420;2,00384500
-24,04351938;0,90548420;2,00384500
-24,00255938;0,81575980;2,00384500
-23,96159939;0,90548420;2,00384500
-23,92063939;0,81575980;2,00384500
-23,87967939;0,90548420;2,00384500
-23,83871939;0,90548420;2,00384500
-23,79775939;0,90548420;2,00384500
-23,75679939;0,90548420;2,00384500
-23,71583939;0,81575980;2,00384500
-23,67487939;0,90548420;2,00384500
-23,63391939;0,90548420;2,00384500
-23,59295939;0,90548420;2,00384500
-23,55199939;0,90548420;2,00384500
-23,51103939;0,90548420;2,00384500
-23,47007939;0,90548420;2,00384500
-23,42911939;0,90548420;2,00384500
-23,38815939;0,90548420;2,00384500
-23,34719939;0,90548420;2,00384500
-23,30623939;0,90548420;2,00384500
-23,26527939;0,90548420;2,00384500
-23,22431939;0,81575980;2,00384500
-23,18335939;0,90548420;2,00384500
-23,14239939;0,90548420;2,00384500
-23,10143939;0,90548420;2,00384500
-23,06047939;0,90548420;2,00384500
-23,01951939;0,90548420;2,00384500
-22,97855939;0,90548420;2,00384500
-22,93759939;0,90548420;2,00384500
-22,89663939;0,90548420;2,00384500
-22,85567939;0,90548420;2,00384500
-22,81471939;0,90548420;2,00384500
-22,77375939;0,90548420;2,00384500
-22,73279939;0,90548420;2,00384500
-22,69183939;0,90548420;2,00384500
-22,65087939;0,90548420;2,00384500
-22,60991939;0,90548420;2,00384500
-22,56895939;0,90548420;2,00384500
-22,52799939;0,90548420;2,00384500
-22,48703939;0,90548420;2,00384500
-22,44607939;0,90548420;2,00384500
-22,40511939;0,90548420;2,00384500
-22,36415939;0,90548420;2,00384500
-22,32319940;0,90548420;2,00384500
-22,28223940;0,90548420;2,00384500
-22,24127940;0,90548420;2,00384500
-22,20031940;0,90548420;2,00384500
-22,15935940;0,90548420;2,00384500
-22,11839940;0,90548420;2,00384500
-22,07743940;0,90548420;2,00384500
-22,03647940;0,90548420;2,00384500
-21,99551940;0,90548420;2,00384500
-21,95455940;0,90548420;2,00384500
-21,91359940;0,90548420;2,00384500
-21,87263940;0,90548420;2,00384500
-21,83167940;0,90548420;2,00384500
-21,79071940;0,90548420;2,00384500
-21,74975940;0,90548420;2,00384500
-21,70879940;0,90548420;2,00384500
-21,66783940;0,90548420;2,00384500
-21,62687940;0,90548420;2,00384500
-21,58591940;0,90548420;2,00384500
-21,54495940;0,90548420;2,00384500
-21,50399940;0,90548420;2,00384500
-21,46303940;0,90548420;2,00384500
-21,42207940;0,90548420;2,00384500
-21,38111940;0,90548420;2,00384500
-21,34015940;0,90548420;2,00384500
-21,29919940;0,90548420;2,00384500
-21,25823940;0,90548420;2,00384500
-21,21727940;0,90548420;2,00384500
-21,17631940;0,90548420;2,00384500
-21,13535940;0,90548420;2,00384500
-21,09439940;0,90548420;2,00384500
-21,05343940;0,90548420;2,00384500
-21,01247940;0,90548420;2,00384500
-20,97151940;0,90548420;2,00384500
-20,93055940;0,90548420;2,00384500
-20,88959940;0,90548420;2,00384500
-20,84863940;0,90548420;2,00384500
-20,80767940;0,90548420;2,00384500
-20,76671940;0,90548420;2,00384500
-20,72575940;0,90548420;2,00384500
-20,68479940;0,90548420;2,00384500
-20,64383941;0,90548420;2,00384500
-20,60287941;0,90548420;2,00384500
-20,56191941;0,90548420;2,00384500
-20,52095941;0,90548420;2,00384500
-20,47999941;0,90548420;2,00384500
-20,43903941;0,90548420;2,00384500
-20,39807941;0,90548420;2,00384500
-20,35711941;0,90548420;2,00384500
-20,31615941;0,90548420;2,00384500
-20,27519941;0,90548420;2,00384500
-20,23423941;0,90548420;2,00384500
-20,19327941;0,90548420;2,00384500
-20,15231941;0,90548420;2,00384500
-20,11135941;0,90548420;2,00384500
-20,07039941;0,90548420;2,00384500
-20,02943941;0,90548420;2,00384500
-19,98847941;0,90548420;2,00384500
-19,94751941;0,90548420;2,00384500
-19,90655941;0,90548420;2,00384500
-19,86559941;0,90548420;2,00384500
-19,82463941;0,90548420;2,00384500
-19,78367941;0,90548420;2,00384500
-19,74271941;0,90548420;2,00384500
-19,70175941;0,90548420;2,00384500
-19,66079941;0,90548420;2,00384500
-19,61983941;0,90548420;2,00384500
-19,57887941;0,90548420;2,00384500
-19,53791941;0,90548420;2,00384500
-19,49695941;0,90548420;2,00384500
-19,45599941;0,90548420;2,00384500
-19,41503941;0,90548420;2,00384500
-19,37407941;0,90548420;2,00384500
-19,33311941;0,90548420;2,00384500
-19,29215941;0,90548420;2,00384500
-19,25119941;0,90548420;2,00384500
-19,21023941;0,90548420;2,00384500
-19,16927941;0,90548420;2,00384500
-19,12831941;0,90548420;2,00384500
-19,08735941;0,90548420;2,00384500
-19,04639941;0,90548420;2,00384500
-19,00543942;0,90548420;2,00384500
-18,96447942;0,90548420;2,00384500
-18,92351942;0,90548420;2,00384500
-18,88255942;0,90548420;2,00384500
-18,84159942;0,90548420;2,00384500
-18,80063942;0,90548420;2,00384500
-18,75967942;0,90548420;2,00384500
-18,71871942;0,90548420;2,00384500
-18,67775942;0,90548420;2,00384500
-18,63679942;0,90548420;2,00384500
-18,59583942;0,90548420;2,00384500
-18,55487942;0,90548420;2,00384500
-18,51391942;0,90548420;2,00384500
-18,47295942;0,90548420;2,00384500
-18,43199942;0,90548420;2,00384500
-18,39103942;0,90548420;2,00384500
-18,35007942;0,90548420;2,00384500
-18,30911942;0,90548420;2,00384500
-18,26815942;0,90548420;2,00384500
-18,22719942;0,90548420;2,00384500
-18,18623942;0,90548420;2,00384500
-18,14527942;0,90548420;2,00384500
-18,10431942;0,90548420;2,00384500
-18,06335942;0,90548420;2,00384500
-18,02239942;0,90548420;2,00384500
-17,98143942;0,90548420;2,00384500
-17,94047942;0,90548420;2,00384500
-17,89951942;0,90548420;2,00384500
-17,85855942;0,90548420;1,91259500
-17,81759942;0,90548420;2,00384500
-17,77663942;0,90548420;2,00384500
-17,73567942;0,90548420;2,00384500
-17,69471942;0,90548420;2,00384500
-17,65375942;0,90548420;2,00384500
-17,61279942;0,90548420;2,00384500
-17,57183942;0,90548420;2,00384500
-17,53087942;0,90548420;2,00384500
-17,48991942;0,90548420;2,00384500
-17,44895942;0,90548420;2,00384500
-17,40799942;0,90548420;2,00384500
-17,36703943;0,90548420;2,00384500
-17,32607943;0,90548420;2,00384500
-17,28511943;0,90548420;2,00384500
-17,24415943;0,99520860;2,00384500
-17,20319943;0,90548420;2,00384500
-17,16223943;0,90548420;2,00384500
-17,12127943;0,90548420;2,00384500
-17,08031943;0,90548420;2,00384500
-17,03935943;0,90548420;2,00384500
-16,99839943;0,90548420;2,00384500
-16,95743943;0,90548420;2,00384500
-16,91647943;0,99520860;2,00384500
-16,87551943;0,90548420;2,00384500
-16,83455943;0,90548420;2,00384500
-16,79359943;0,90548420;2,00384500
-16,75263943;0,90548420;2,00384500
-16,71167943;0,90548420;2,00384500
-16,67071943;0,90548420;2,00384500
-16,62975943;0,90548420;2,00384500
-16,58879943;0,90548420;2,00384500
-16,54783943;0,90548420;2,00384500
-16,50687943;0,90548420;2,00384500
-16,46591943;0,90548420;2,00384500
-16,42495943;0,90548420;2,00384500
-16,38399943;0,90548420;2,00384500
-16,34303943;0,90548420;2,00384500
-16,30207943;0,90548420;2,00384500
-16,26111943;0,99520860;2,00384500
-16,22015943;0,90548420;2,00384500
-16,17919943;0,99520860;2,00384500
-16,13823943;0,99520860;2,00384500
-16,09727943;0,90548420;2,00384500
-16,05631943;0,90548420;2,00384500
-16,01535943;0,90548420;2,00384500
-15,97439943;0,90548420;2,00384500
-15,93343943;0,90548420;2,00384500
-15,89247943;0,90548420;2,00384500
-15,85151943;0,90548420;2,00384500
-15,81055943;0,90548420;2,00384500
-15,76959943;0,90548420;2,00384500
-15,72863944;0,99520860;2,00384500
-15,68767944;0,90548420;2,00384500
-15,64671944;0,99520860;2,00384500
-15,60575944;0,90548420;2,00384500
-15,56479944;0,90548420;2,00384500
-15,52383944;0,99520860;2,00384500
-15,48287944;0,99520860;2,00384500
-15,44191944;0,90548420;2,00384500
-15,40095944;0,90548420;2,00384500
-15,35999944;0,90548420;2,00384500
-15,31903944;0,90548420;2,00384500
-15,27807944;0,90548420;2,00384500
-15,23711944;0,90548420;2,00384500
-15,19615944;0,99520860;2,00384500
-15,15519944;0,90548420;2,00384500
-15,11423944;0,90548420;2,00384500
-15,07327944;0,99520860;2,00384500
-15,03231944;0,99520860;2,00384500
-14,99135944;0,99520860;2,00384500
-14,95039944;0,90548420;2,00384500
-14,90943944;0,90548420;2,00384500
-14,86847944;0,99520860;2,00384500
-14,82751944;0,99520860;2,00384500
-14,78655944;0,90548420;2,00384500
-14,74559944;0,99520860;2,00384500
-14,70463944;0,90548420;2,00384500
-14,66367944;0,90548420;2,00384500
-14,62271944;0,90548420;2,00384500
-14,58175944;0,99520860;2,00384500
-14,54079944;0,90548420;-0,00061037
-14,49983944;0,99520860;-0,00061037
-14,45887944;0,90548420;-0,00061037
-14,41791944;0,90548420;-0,00061037
-14,37695944;0,90548420;-0,00061037
-14,33599944;0,99520860;-0,00061037
-14,29503944;0,99520860;-0,00061037
-14,25407944;0,99520860;-0,00061037
-14,21311944;0,99520860;-0,00061037
-14,17215944;0,99520860;-0,00061037
-14,13119944;0,90548420;-0,00061037
-14,09023945;0,99520860;-0,00061037
-14,04927945;0,99520860;-0,00061037
-14,00831945;0,99520860;-0,00061037
-13,96735945;0,90548420;-0,00061037
-13,92639945;0,99520860;-0,00061037
-13,88543945;0,90548420;-0,00061037
-13,84447945;0,99520860;-0,00061037
-13,80351945;0,90548420;-0,00061037
-13,76255945;0,90548420;-0,00061037
-13,72159945;0,99520860;-0,00061037
-13,68063945;0,99520860;-0,00061037
-13,63967945;0,99520860;-0,00061037
-13,59871945;0,90548420;-0,00061037
-13,55775945;0,99520860;-0,00061037
-13,51679945;0,99520860;-0,00061037
-13,47583945;0,99520860;-0,00061037
-13,43487945;0,90548420;-0,00061037
-13,39391945;0,99520860;-0,00061037
-13,35295945;0,99520860;-0,00061037
-13,31199945;0,90548420;-0,00061037
-13,27103945;0,99520860;-0,00061037
-13,23007945;0,90548420;-0,00061037
-13,18911945;0,90548420;-0,00061037
-13,14815945;0,99520860;-0,00061037
-13,10719945;0,99520860;-0,00061037
-13,06623945;0,90548420;-0,00061037
-13,02527945;0,90548420;-0,00061037
-12,98431945;0,90548420;-0,00061037
-12,94335945;0,99520860;0,09063997
-12,90239945;0,99520860;-0,00061037
-12,86143945;0,99520860;-0,00061037
-12,82047945;0,90548420;-0,00061037
-12,77951945;0,90548420;-0,00061037
-12,73855945;0,90548420;-0,00061037
-12,69759945;0,90548420;-0,00061037
-12,65663945;0,90548420;-0,00061037
-12,61567945;0,90548420;-0,00061037
-12,57471945;0,90548420;-0,00061037
-12,53375945;0,90548420;-0,00061037
-12,49279945;0,90548420;-0,00061037
-12,45183946;0,90548420;-0,00061037
-12,41087946;0,90548420;-0,00061037
-12,36991946;0,90548420;-0,00061037
-12,32895946;0,90548420;-0,00061037
-12,28799946;0,90548420;-0,00061037
-12,24703946;0,90548420;-0,00061037
-12,20607946;0,90548420;-0,00061037
-12,16511946;0,90548420;-0,00061037
-12,12415946;0,99520860;-0,00061037
-12,08319946;0,99520860;-0,00061037
-12,04223946;0,90548420;-0,00061037
-12,00127946;0,90548420;-0,00061037
-11,96031946;0,90548420;-0,00061037
-11,91935946;0,90548420;-0,00061037
-11,87839946;0,90548420;-0,00061037
-11,83743946;0,90548420;-0,00061037
-11,79647946;0,90548420;0,09063997
-11,75551946;0,90548420;-0,00061037
-11,71455946;0,90548420;-0,00061037
-11,67359946;0,90548420;-0,00061037
-11,63263946;0,90548420;-0,00061037
-11,59167946;0,90548420;-0,00061037
-11,55071946;0,90548420;-0,00061037
-11,50975946;0,90548420;-0,00061037
-11,46879946;0,90548420;-0,00061037
-11,42783946;0,90548420;-0,00061037
-11,38687946;0,90548420;-0,00061037
-11,34591946;0,99520860;-0,00061037
-11,30495946;0,90548420;-0,00061037
-11,26399946;0,90548420;0,09063997
-11,22303946;0,90548420;-0,00061037
-11,18207946;0,90548420;-0,00061037
-11,14111946;0,90548420;-0,00061037
-11,10015946;0,90548420;-0,00061037
-11,05919946;0,90548420;-0,00061037
-11,01823946;0,90548420;-0,00061037
-10,97727946;0,90548420;-0,00061037
-10,93631946;0,90548420;-0,00061037
-10,89535946;0,90548420;-0,00061037
-10,85439946;0,90548420;-0,00061037
-10,81343946;0,90548420;-0,00061037
-10,77247947;0,90548420;-0,00061037
-10,73151947;0,90548420;-0,00061037
-10,69055947;0,90548420;-0,00061037
-10,64959947;0,90548420;0,09063997
-10,60863947;0,90548420;-0,00061037
-10,56767947;0,90548420;-0,00061037
-10,52671947;0,90548420;-0,00061037
-10,48575947;0,90548420;-0,00061037
-10,44479947;0,90548420;-0,00061037
-10,40383947;0,90548420;-0,00061037
-10,36287947;0,90548420;-0,00061037
-10,32191947;0,90548420;-0,00061037
-10,28095947;0,90548420;-0,00061037
-10,23999947;0,90548420;-0,00061037
-10,19903947;0,90548420;-0,00061037
-10,15807947;0,90548420;-0,00061037
-10,11711947;0,90548420;-0,00061037
-10,07615947;0,90548420;-0,00061037
-10,03519947;0,90548420;-0,00061037
-9,99423947;0,90548420;-0,00061037
-9,95327947;0,90548420;-0,00061037
-9,91231947;0,90548420;-0,00061037
-9,87135947;0,90548420;-0,00061037
-9,83039947;0,90548420;-0,00061037
-9,78943947;0,90548420;-0,00061037
-9,74847947;0,90548420;-0,00061037
-9,70751947;0,90548420;-0,00061037
-9,66655947;0,90548420;-0,00061037
-9,62559947;0,90548420;-0,00061037
-9,58463947;0,90548420;-0,00061037
-9,54367947;0,90548420;-0,00061037
-9,50271947;0,90548420;-0,00061037
-9,46175947;0,90548420;-0,00061037
-9,42079947;0,90548420;-0,00061037
-9,37983947;0,90548420;-0,00061037
-9,33887947;0,90548420;-0,00061037
-9,29791947;0,90548420;-0,00061037
-9,25695947;0,90548420;0,09063997
-9,21599947;0,90548420;-0,00061037
-9,17503947;0,90548420;-0,00061037
-9,13407948;0,90548420;-0,00061037
-9,09311948;0,90548420;-0,00061037
-9,05215948;0,90548420;-0,00061037
-9,01119948;0,90548420;-0,00061037
-8,97023948;0,90548420;0,09063997
-8,92927948;0,90548420;-0,00061037
-8,88831948;0,90548420;-0,00061037
-8,84735948;0,90548420;-0,00061037
-8,80639948;0,90548420;-0,00061037
-8,76543948;0,90548420;-0,00061037
-8,72447948;0,90548420;-0,00061037
-8,68351948;0,90548420;-0,00061037
-8,64255948;0,90548420;-0,00061037
-8,60159948;0,90548420;-0,00061037
-8,56063948;0,90548420;-0,00061037
-8,51967948;0,90548420;-0,00061037
-8,47871948;0,90548420;-0,00061037
-8,43775948;0,90548420;-0,00061037
-8,39679948;0,90548420;-0,00061037
-8,35583948;0,90548420;-0,00061037
-8,31487948;0,90548420;-0,00061037
-8,27391948;0,90548420;-0,00061037
-8,23295948;0,90548420;-0,00061037
-8,19199948;0,90548420;-0,00061037
-8,15103948;0,90548420;-0,00061037
-8,11007948;0,90548420;0,09063997
-8,06911948;0,90548420;-0,00061037
-8,02815948;0,90548420;-0,00061037
-7,98719948;0,90548420;-0,00061037
-7,94623948;0,90548420;-0,00061037
-7,90527948;0,90548420;-0,00061037
-7,86431948;0,90548420;-0,00061037
-7,82335948;0,90548420;-0,00061037
-7,78239948;0,90548420;-0,00061037
-7,74143948;0,90548420;-0,00061037
-7,70047948;0,90548420;-0,00061037
-7,65951948;0,90548420;-0,00061037
-7,61855948;0,90548420;-0,00061037
-7,57759948;0,90548420;-0,00061037
-7,53663948;0,90548420;-0,00061037
-7,49567949;0,90548420;-0,00061037
-7,45471949;0,90548420;-0,00061037
-7,41375949;0,90548420;-0,00061037
-7,37279949;0,90548420;-0,00061037
-7,33183949;0,90548420;-0,00061037
-7,29087949;0,90548420;-0,00061037
-7,24991949;0,90548420;0,09063997
-7,20895949;0,90548420;-0,00061037
-7,16799949;0,90548420;-0,00061037
-7,12703949;0,90548420;-0,00061037
-7,08607949;0,90548420;-0,00061037
-7,04511949;0,90548420;-0,00061037
-7,00415949;0,90548420;-0,00061037
-6,96319949;0,90548420;-0,00061037
-6,92223949;0,90548420;-0,00061037
-6,88127949;0,90548420;0,09063997
-6,84031949;0,90548420;-0,00061037
-6,79935949;0,90548420;-0,00061037
-6,75839949;0,90548420;-0,00061037
-6,71743949;0,90548420;-0,00061037
-6,67647949;0,90548420;-0,00061037
-6,63551949;0,90548420;-0,00061037
-6,59455949;0,90548420;-0,00061037
-6,55359949;0,90548420;-0,00061037
-6,51263949;0,90548420;-0,00061037
-6,47167949;0,90548420;-0,00061037
-6,43071949;0,90548420;-0,00061037
-6,38975949;0,90548420;-0,00061037
-6,34879949;0,90548420;-0,00061037
-6,30783949;0,90548420;-0,00061037
-6,26687949;0,90548420;-0,00061037
-6,22591949;0,81575980;-0,00061037
-6,18495949;0,90548420;-0,00061037
-6,14399949;0,90548420;-0,00061037
-6,10303949;0,90548420;-0,00061037
-6,06207949;0,90548420;-0,00061037
-6,02111949;0,90548420;-0,00061037
-5,98015949;0,90548420;-0,00061037
-5,93919949;0,90548420;-0,00061037
-5,89823949;0,90548420;-0,00061037
-5,85727950;0,90548420;-0,00061037
-5,81631950;0,90548420;-0,00061037
-5,77535950;0,90548420;-0,00061037
-5,73439950;0,90548420;-0,00061037
-5,69343950;0,90548420;-0,00061037
-5,65247950;0,90548420;-0,00061037
-5,61151950;0,90548420;-0,00061037
-5,57055950;0,90548420;-0,00061037
-5,52959950;0,90548420;-0,00061037
-5,48863950;0,90548420;-0,00061037
-5,44767950;0,90548420;-0,00061037
-5,40671950;0,90548420;-0,00061037
-5,36575950;0,81575980;-0,00061037
-5,32479950;0,90548420;-0,00061037
-5,28383950;0,90548420;-0,00061037
-5,24287950;0,81575980;-0,00061037
-5,20191950;0,90548420;-0,00061037
-5,16095950;0,90548420;-0,00061037
-5,11999950;0,90548420;-0,00061037
-5,07903950;0,90548420;-0,00061037
-5,03807950;0,90548420;-0,00061037
-4,99711950;0,90548420;-0,00061037
-4,95615950;0,90548420;-0,00061037
-4,91519950;0,81575980;-0,00061037
-4,87423950;0,90548420;-0,00061037
-4,83327950;0,90548420;-0,00061037
-4,79231950;0,90548420;-0,00061037
-4,75135950;0,90548420;0,09063997
-4,71039950;0,90548420;0,09063997
-4,66943950;0,90548420;-0,00061037
-4,62847950;0,90548420;-0,00061037
-4,58751950;0,90548420;-0,00061037
-4,54655950;0,90548420;0,09063997
-4,50559950;0,90548420;2,00384500
-4,46463950;0,90548420;2,00384500
-4,42367950;0,90548420;2,00384500
-4,38271950;0,90548420;2,00384500
-4,34175950;0,90548420;2,00384500
-4,30079950;0,90548420;2,00384500
-4,25983950;0,90548420;2,00384500
-4,21887951;0,90548420;2,00384500
-4,17791951;0,90548420;2,00384500
-4,13695951;0,81575980;2,00384500
-4,09599951;0,90548420;2,00384500
-4,05503951;0,90548420;2,00384500
-4,01407951;0,81575980;2,00384500
-3,97311951;0,90548420;2,00384500
-3,93215951;0,90548420;2,00384500
-3,89119951;0,81575980;2,00384500
-3,85023951;0,90548420;2,00384500
-3,80927951;0,90548420;2,00384500
-3,76831951;0,90548420;2,00384500
-3,72735951;0,90548420;2,00384500
-3,68639951;0,81575980;2,00384500
-3,64543951;0,90548420;2,00384500
-3,60447951;0,90548420;2,00384500
-3,56351951;0,90548420;2,00384500
-3,52255951;0,90548420;2,00384500
-3,48159951;0,90548420;2,00384500
-3,44063951;0,90548420;2,00384500
-3,39967951;0,90548420;2,00384500
-3,35871951;0,90548420;2,00384500
-3,31775951;0,90548420;2,00384500
-3,27679951;0,90548420;2,00384500
-3,23583951;0,90548420;2,00384500
-3,19487951;0,90548420;2,00384500
-3,15391951;0,90548420;2,00384500
-3,11295951;0,90548420;2,00384500
-3,07199951;0,90548420;2,00384500
-3,03103951;0,90548420;2,00384500
-2,99007951;0,90548420;2,00384500
-2,94911951;0,90548420;2,00384500
-2,90815951;0,90548420;2,00384500
-2,86719951;0,90548420;2,00384500
-2,82623951;0,90548420;2,00384500
-2,78527951;0,90548420;2,00384500
-2,74431951;0,90548420;2,00384500
-2,70335951;0,90548420;2,00384500
-2,66239951;0,90548420;2,00384500
-2,62143951;0,90548420;2,00384500
-2,58047952;0,90548420;2,00384500
-2,53951952;0,90548420;2,00384500
-2,49855952;0,90548420;2,00384500
-2,45759952;0,90548420;2,00384500
-2,41663952;0,90548420;2,00384500
-2,37567952;0,90548420;2,00384500
-2,33471952;0,90548420;2,00384500
-2,29375952;0,90548420;2,00384500
-2,25279952;0,90548420;2,00384500
-2,21183952;0,90548420;2,00384500
-2,17087952;0,90548420;2,00384500
-2,12991952;0,90548420;2,00384500
-2,08895952;0,90548420;2,00384500
-2,04799952;0,90548420;2,00384500
-2,00703952;0,90548420;2,00384500
-1,96607952;0,90548420;2,00384500
-1,92511952;0,90548420;2,00384500
-1,88415952;0,90548420;2,00384500
-1,84319952;0,90548420;2,00384500
-1,80223952;0,90548420;2,00384500
-1,76127952;0,90548420;2,00384500
-1,72031952;0,90548420;2,00384500
-1,67935952;0,90548420;2,00384500
-1,63839952;0,90548420;2,00384500
-1,59743952;0,90548420;2,00384500
-1,55647952;0,90548420;2,00384500
-1,51551952;0,90548420;2,00384500
-1,47455952;0,90548420;2,00384500
-1,43359952;0,90548420;2,00384500
-1,39263952;0,90548420;2,00384500
-1,35167952;0,90548420;2,00384500
-1,31071952;0,90548420;2,00384500
-1,26975952;0,90548420;2,00384500
-1,22879952;0,90548420;2,00384500
-1,18783952;0,90548420;2,00384500
-1,14687952;0,90548420;2,00384500
-1,10591952;0,90548420;2,00384500
-1,06495952;0,90548420;2,00384500
-1,02399952;0,90548420;2,00384500
-0,98303952;0,90548420;2,00384500
-0,94207952;0,90548420;2,00384500
-0,90111953;0,90548420;2,00384500
-0,86015953;0,90548420;2,00384500
-0,81919953;0,90548420;2,00384500
-0,77823953;0,90548420;2,00384500
-0,73727953;0,90548420;2,00384500
-0,69631953;0,90548420;2,00384500
-0,65535953;0,90548420;2,00384500
-0,61439953;0,90548420;2,00384500
-0,57343953;0,90548420;2,00384500
-0,53247953;0,90548420;2,00384500
-0,49151953;0,90548420;2,00384500
-0,45055953;0,90548420;2,00384500
-0,40959953;0,90548420;2,00384500
-0,36863953;0,90548420;2,00384500
-0,32767953;0,90548420;2,00384500
-0,28671953;0,90548420;2,00384500
-0,24575953;0,90548420;2,00384500
-0,20479953;0,90548420;2,00384500
-0,16383953;0,90548420;2,00384500
-0,12287953;0,90548420;2,00384500
-0,08191953;0,90548420;2,00384500
-0,04095953;0,90548420;2,00384500
0,00000047;0,90548420;2,00384500
0,04096047;0,90548420;2,00384500
0,08192047;0,90548420;2,00384500
0,12288047;0,90548420;2,00384500
0,16384047;0,90548420;2,00384500
0,20480047;0,90548420;2,00384500
0,24576047;0,90548420;2,00384500
0,28672047;0,90548420;2,00384500
0,32768047;0,90548420;2,00384500
0,36864047;0,90548420;2,00384500
0,40960047;0,90548420;2,00384500
0,45056047;0,90548420;2,00384500
0,49152047;0,90548420;2,00384500
0,53248047;0,90548420;2,00384500
0,57344047;0,90548420;2,00384500
0,61440047;0,90548420;2,00384500
0,65536047;0,90548420;2,00384500
0,69632047;0,90548420;2,00384500
0,73728046;0,90548420;2,00384500
0,77824046;0,90548420;2,00384500
0,81920046;0,90548420;2,00384500
0,86016046;0,90548420;2,00384500
0,90112046;0,90548420;2,00384500
0,94208046;0,90548420;2,00384500
0,98304046;0,90548420;2,00384500
1,02400046;0,90548420;2,00384500
1,06496046;0,90548420;2,00384500
1,10592046;0,90548420;2,00384500
1,14688046;0,90548420;2,00384500
1,18784046;0,90548420;2,00384500
1,22880046;0,90548420;2,00384500
1,26976046;0,90548420;2,00384500
1,31072046;0,90548420;2,00384500
1,35168046;0,90548420;2,00384500
1,39264046;0,90548420;2,00384500
1,43360046;0,90548420;2,00384500
1,47456046;0,90548420;2,00384500
1,51552046;0,90548420;2,00384500
1,55648046;0,90548420;2,00384500
1,59744046;0,90548420;2,00384500
1,63840046;0,90548420;2,00384500
1,67936046;0,90548420;2,00384500
1,72032046;0,90548420;2,00384500
1,76128046;0,90548420;2,00384500
1,80224046;0,90548420;2,00384500
1,84320046;0,90548420;2,00384500
1,88416046;0,90548420;2,00384500
1,92512046;0,90548420;2,00384500
1,96608046;0,90548420;2,00384500
2,00704046;0,90548420;2,00384500
2,04800046;0,90548420;2,00384500
2,08896046;0,90548420;2,00384500
2,12992046;0,90548420;2,00384500
2,17088046;0,90548420;2,00384500
2,21184046;0,90548420;2,00384500
2,25280046;0,90548420;2,00384500
2,29376046;0,90548420;2,00384500
2,33472046;0,90548420;2,00384500
2,37568045;0,90548420;2,00384500
2,41664045;0,90548420;2,00384500
2,45760045;0,90548420;2,00384500
2,49856045;0,90548420;2,00384500
2,53952045;0,90548420;2,00384500
2,58048045;0,90548420;2,00384500
2,62144045;0,90548420;2,00384500
2,66240045;0,90548420;2,00384500
2,70336045;0,99520860;2,00384500
2,74432045;0,90548420;2,00384500
2,78528045;0,90548420;2,00384500
2,82624045;0,90548420;2,00384500
2,86720045;0,99520860;2,00384500
2,90816045;0,90548420;2,00384500
2,94912045;0,99520860;2,00384500
2,99008045;0,90548420;2,00384500
3,03104045;0,90548420;2,00384500
3,07200045;0,90548420;2,00384500
3,11296045;0,90548420;2,00384500
3,15392045;0,99520860;2,00384500
3,19488045;0,90548420;2,00384500
3,23584045;0,90548420;2,00384500
3,27680045;0,90548420;2,00384500
3,31776045;0,90548420;2,00384500
3,35872045;0,90548420;2,00384500
3,39968045;0,99520860;2,00384500
3,44064045;0,90548420;2,00384500
3,48160045;0,90548420;2,00384500
3,52256045;0,90548420;2,00384500
3,56352045;0,99520860;2,00384500
3,60448045;0,99520860;2,00384500
3,64544045;0,90548420;2,00384500
3,68640045;0,90548420;2,00384500
3,72736045;0,90548420;2,00384500
3,76832045;0,90548420;2,00384500
3,80928045;0,90548420;2,00384500
3,85024045;0,90548420;2,00384500
3,89120045;0,90548420;2,00384500
3,93216045;0,99520860;2,00384500
3,97312045;0,99520860;2,00384500
4,01408044;0,90548420;2,00384500
4,05504044;0,99520860;2,00384500
4,09600044;0,90548420;2,00384500
4,13696044;0,90548420;2,00384500
4,17792044;0,99520860;2,00384500
4,21888044;0,99520860;2,00384500
4,25984044;0,99520860;2,00384500
4,30080044;0,90548420;2,00384500
4,34176044;0,99520860;2,00384500
4,38272044;0,90548420;2,00384500
4,42368044;0,90548420;2,00384500
4,46464044;0,90548420;2,00384500
4,50560044;0,99520860;2,00384500
4,54656044;0,99520860;2,00384500
4,58752044;0,99520860;2,00384500
4,62848044;0,90548420;2,00384500
4,66944044;0,90548420;2,00384500
4,71040044;0,99520860;2,00384500
4,75136044;0,99520860;2,00384500
4,79232044;0,99520860;2,00384500
4,83328044;0,99520860;2,00384500
4,87424044;0,99520860;2,00384500
4,91520044;0,99520860;2,00384500
4,95616044;0,99520860;2,00384500
4,99712044;0,90548420;2,00384500
5,03808044;0,99520860;2,00384500
5,07904044;0,99520860;2,00384500
5,12000044;0,90548420;2,00384500
5,16096044;0,90548420;2,00384500
5,20192044;0,99520860;2,00384500
5,24288044;0,90548420;2,00384500
5,28384044;0,99520860;2,00384500
5,32480044;0,99520860;2,00384500
5,36576044;0,99520860;2,00384500
5,40672044;0,90548420;2,00384500
5,44768044;0,99520860;2,00384500
5,48864044;0,99520860;-0,00061037
5,52960044;0,90548420;-0,00061037
5,57056044;0,90548420;-0,00061037
5,61152044;0,99520860;-0,00061037
5,65248043;0,99520860;-0,00061037
5,69344043;0,99520860;-0,00061037
5,73440043;0,99520860;-0,00061037
5,77536043;0,90548420;-0,00061037
5,81632043;0,99520860;-0,00061037
5,85728043;0,99520860;-0,00061037
5,89824043;0,99520860;-0,00061037
5,93920043;0,90548420;-0,00061037
5,98016043;0,90548420;-0,00061037
6,02112043;0,99520860;-0,00061037
6,06208043;0,99520860;-0,00061037
6,10304043;0,90548420;-0,00061037
6,14400043;0,99520860;-0,00061037
6,18496043;0,99520860;-0,00061037
6,22592043;0,99520860;-0,00061037
6,26688043;0,90548420;0,09063997
6,30784043;0,90548420;0,09063997
6,34880043;0,99520860;-0,00061037
6,38976043;0,99520860;-0,00061037
6,43072043;0,99520860;-0,00061037
6,47168043;0,99520860;-0,00061037
6,51264043;0,90548420;-0,00061037
6,55360043;0,90548420;-0,00061037
6,59456043;0,99520860;-0,00061037
6,63552043;0,90548420;-0,00061037
6,67648043;0,90548420;-0,00061037
6,71744043;0,90548420;-0,00061037
6,75840043;0,99520860;-0,00061037
6,79936043;0,90548420;-0,00061037
6,84032043;0,90548420;-0,00061037
6,88128043;0,99520860;0,09063997
6,92224043;0,99520860;-0,00061037
6,96320043;0,90548420;-0,00061037
7,00416043;0,90548420;-0,00061037
7,04512043;0,99520860;-0,00061037
7,08608043;0,90548420;-0,00061037
7,12704043;0,99520860;-0,00061037
7,16800043;0,90548420;-0,00061037
7,20896043;0,90548420;-0,00061037
7,24992043;0,90548420;-0,00061037
7,29088042;0,90548420;0,09063997
7,33184042;0,99520860;-0,00061037
7,37280042;0,99520860;-0,00061037
7,41376042;0,90548420;-0,00061037
7,45472042;0,90548420;-0,00061037
7,49568042;0,99520860;0,09063997
7,53664042;0,90548420;-0,00061037
7,57760042;0,90548420;-0,00061037
7,61856042;0,90548420;-0,00061037
7,65952042;0,90548420;-0,00061037
7,70048042;0,90548420;-0,00061037
7,74144042;0,99520860;-0,00061037
7,78240042;0,90548420;-0,00061037
7,82336042;0,90548420;-0,00061037
7,86432042;0,90548420;-0,00061037
7,90528042;0,90548420;-0,00061037
7,94624042;0,90548420;-0,00061037
7,98720042;0,90548420;-0,00061037
8,02816042;0,90548420;-0,00061037
8,06912042;0,90548420;-0,00061037
8,11008042;0,99520860;-0,00061037
8,15104042;0,90548420;-0,00061037
8,19200042;0,90548420;-0,00061037
8,23296042;0,90548420;-0,00061037
8,27392042;0,90548420;-0,00061037
8,31488042;0,90548420;-0,00061037
8,35584042;0,90548420;-0,00061037
8,39680042;0,90548420;-0,00061037
8,43776042;0,90548420;-0,00061037
8,47872042;0,90548420;-0,00061037
8,51968042;0,90548420;0,09063997
8,56064042;0,90548420;-0,00061037
8,60160042;0,90548420;-0,00061037
8,64256042;0,90548420;-0,00061037
8,68352042;0,90548420;-0,00061037
8,72448042;0,90548420;-0,00061037
8,76544042;0,99520860;-0,00061037
8,80640042;0,90548420;-0,00061037
8,84736042;0,90548420;-0,00061037
8,88832042;0,90548420;-0,00061037
8,92928042;0,99520860;-0,00061037
8,97024041;0,90548420;-0,00061037
9,01120041;0,90548420;-0,00061037
9,05216041;0,90548420;-0,00061037
9,09312041;0,90548420;-0,00061037
9,13408041;0,90548420;-0,00061037
9,17504041;0,90548420;-0,00061037
9,21600041;0,90548420;-0,00061037
9,25696041;0,90548420;-0,00061037
9,29792041;0,90548420;-0,00061037
9,33888041;0,90548420;-0,00061037
9,37984041;0,90548420;-0,00061037
9,42080041;0,90548420;-0,00061037
9,46176041;0,90548420;-0,00061037
9,50272041;0,90548420;-0,00061037
9,54368041;0,90548420;-0,00061037
9,58464041;0,90548420;-0,00061037
9,62560041;0,90548420;-0,00061037
9,66656041;0,90548420;-0,00061037
9,70752041;0,90548420;-0,00061037
9,74848041;0,90548420;-0,00061037
9,78944041;0,90548420;-0,00061037
9,83040041;0,90548420;-0,00061037
9,87136041;0,90548420;-0,00061037
9,91232041;0,90548420;-0,00061037
9,95328041;0,90548420;-0,00061037
9,99424041;0,90548420;-0,00061037
10,03520041;0,90548420;-0,00061037
10,07616041;0,90548420;-0,00061037
10,11712041;0,90548420;-0,00061037
10,15808041;0,90548420;0,09063997
10,19904041;0,90548420;-0,00061037
10,24000041;0,90548420;-0,00061037
10,28096041;0,90548420;-0,00061037
10,32192041;0,90548420;-0,00061037
10,36288041;0,90548420;-0,00061037
10,40384041;0,90548420;-0,00061037
10,44480041;0,90548420;-0,00061037
10,48576041;0,90548420;-0,00061037
10,52672041;0,90548420;-0,00061037
10,56768041;0,90548420;-0,00061037
10,60864040;0,90548420;-0,00061037
10,64960040;0,90548420;-0,00061037
10,69056040;0,90548420;-0,00061037
10,73152040;0,90548420;-0,00061037
10,77248040;0,90548420;-0,00061037
10,81344040;0,90548420;-0,00061037
10,85440040;0,90548420;-0,00061037
10,89536040;0,90548420;-0,00061037
10,93632040;0,90548420;-0,00061037
10,97728040;0,90548420;-0,00061037
11,01824040;0,90548420;-0,00061037
11,05920040;0,90548420;-0,00061037
11,10016040;0,90548420;-0,00061037
11,14112040;0,90548420;-0,00061037
11,18208040;0,90548420;-0,00061037
11,22304040;0,90548420;-0,00061037
11,26400040;0,90548420;-0,00061037
11,30496040;0,90548420;-0,00061037
11,34592040;0,90548420;-0,00061037
11,38688040;0,90548420;-0,00061037
11,42784040;0,90548420;-0,00061037
11,46880040;0,90548420;-0,00061037
11,50976040;0,90548420;-0,00061037
11,55072040;0,90548420;-0,00061037
11,59168040;0,90548420;-0,00061037
11,63264040;0,90548420;-0,00061037
11,67360040;0,90548420;-0,00061037
11,71456040;0,90548420;-0,00061037
11,75552040;0,90548420;-0,00061037
11,79648040;0,90548420;0,09063997
11,83744040;0,90548420;0,09063997
11,87840040;0,90548420;-0,00061037
11,91936040;0,90548420;-0,00061037
11,96032040;0,90548420;-0,00061037
12,00128040;0,90548420;-0,00061037
12,04224040;0,90548420;-0,00061037
12,08320040;0,90548420;-0,00061037
12,12416040;0,90548420;-0,00061037
12,16512040;0,90548420;-0,00061037
12,20608040;0,90548420;-0,00061037
12,24704039;0,90548420;0,09063997
12,28800039;0,90548420;0,09063997
12,32896039;0,90548420;-0,00061037
12,36992039;0,90548420;-0,00061037
12,41088039;0,90548420;-0,00061037
12,45184039;0,90548420;-0,00061037
12,49280039;0,90548420;-0,00061037
12,53376039;0,90548420;-0,00061037
12,57472039;0,90548420;-0,00061037
12,61568039;0,90548420;-0,00061037
12,65664039;0,90548420;-0,00061037
12,69760039;0,90548420;-0,00061037
12,73856039;0,90548420;-0,00061037
12,77952039;0,90548420;-0,00061037
12,82048039;0,81575980;-0,00061037
12,86144039;0,90548420;-0,00061037
12,90240039;0,90548420;-0,00061037
12,94336039;0,90548420;-0,00061037
12,98432039;0,90548420;-0,00061037
13,02528039;0,90548420;-0,00061037
13,06624039;0,90548420;-0,00061037
13,10720039;0,90548420;-0,00061037
13,14816039;0,90548420;-0,00061037
13,18912039;0,90548420;-0,00061037
13,23008039;0,90548420;-0,00061037
13,27104039;0,90548420;-0,00061037
13,31200039;0,90548420;-0,00061037
13,35296039;0,90548420;-0,00061037
13,39392039;0,90548420;-0,00061037
13,43488039;0,90548420;-0,00061037
13,47584039;0,90548420;-0,00061037
13,51680039;0,90548420;-0,00061037
13,55776039;0,90548420;-0,00061037
13,59872039;0,90548420;-0,00061037
13,63968039;0,90548420;-0,00061037
13,68064039;0,90548420;-0,00061037
13,72160039;0,90548420;-0,00061037
13,76256039;0,90548420;-0,00061037
13,80352039;0,90548420;-0,00061037
13,84448039;0,90548420;-0,00061037
13,88544038;0,90548420;-0,00061037
13,92640038;0,90548420;-0,00061037
13,96736038;0,90548420;-0,00061037
14,00832038;0,90548420;-0,00061037
14,04928038;0,90548420;-0,00061037
14,09024038;0,90548420;-0,00061037
14,13120038;0,90548420;-0,00061037
14,17216038;0,90548420;-0,00061037
14,21312038;0,90548420;-0,00061037
14,25408038;0,90548420;-0,00061037
14,29504038;0,81575980;-0,00061037
14,33600038;0,90548420;-0,00061037
14,37696038;0,90548420;-0,00061037
14,41792038;0,90548420;-0,00061037
14,45888038;0,90548420;-0,00061037
14,49984038;0,90548420;-0,00061037
14,54080038;0,90548420;-0,00061037
14,58176038;0,90548420;-0,00061037
14,62272038;0,90548420;-0,00061037
14,66368038;0,90548420;-0,00061037
14,70464038;0,81575980;-0,00061037
14,74560038;0,90548420;-0,00061037
14,78656038;0,90548420;-0,00061037
14,82752038;0,81575980;-0,00061037
14,86848038;0,90548420;-0,00061037
14,90944038;0,90548420;0,09063997
14,95040038;0,81575980;-0,00061037
14,99136038;0,90548420;-0,00061037
15,03232038;0,90548420;-0,00061037
15,07328038;0,81575980;-0,00061037
15,11424038;0,90548420;-0,00061037
15,15520038;0,81575980;-0,00061037
15,19616038;0,90548420;-0,00061037
15,23712038;0,90548420;-0,00061037
15,27808038;0,90548420;-0,00061037
15,31904038;0,90548420;-0,00061037
15,36000038;0,90548420;-0,00061037
15,40096038;0,81575980;-0,00061037
15,44192038;0,90548420;-0,00061037
15,48288038;0,90548420;2,00384500
15,52384037;0,90548420;2,00384500
15,56480037;0,90548420;2,00384500
15,60576037;0,90548420;2,00384500
15,64672037;0,90548420;2,00384500
15,68768037;0,81575980;2,00384500
15,72864037;0,90548420;2,00384500
15,76960037;0,90548420;2,00384500
15,81056037;0,90548420;2,00384500
15,85152037;0,90548420;2,00384500
15,89248037;0,81575980;2,00384500
15,93344037;0,90548420;2,00384500
15,97440037;0,90548420;2,00384500
16,01536037;0,90548420;2,00384500
16,05632037;0,90548420;2,00384500
16,09728037;0,90548420;2,00384500
16,13824037;0,90548420;2,00384500
16,17920037;0,90548420;2,00384500
16,22016037;0,90548420;2,00384500
16,26112037;0,90548420;2,00384500
16,30208037;0,90548420;2,00384500
16,34304037;0,90548420;2,00384500
16,38400037;0,90548420;2,00384500
16,42496037;0,90548420;2,00384500
16,46592037;0,90548420;2,00384500
16,50688037;0,81575980;2,00384500
16,54784037;0,90548420;2,00384500
16,58880037;0,90548420;2,00384500
16,62976037;0,90548420;2,00384500
16,67072037;0,90548420;2,00384500
16,71168037;0,90548420;2,00384500
16,75264037;0,90548420;2,00384500
16,79360037;0,90548420;2,00384500
16,83456037;0,90548420;2,00384500
16,87552037;0,90548420;2,00384500
16,91648037;0,90548420;2,00384500
16,95744037;0,90548420;2,00384500
16,99840037;0,90548420;2,00384500
17,03936037;0,90548420;2,00384500
17,08032037;0,90548420;2,00384500
17,12128037;0,90548420;2,00384500
17,16224036;0,90548420;2,00384500
17,20320036;0,90548420;2,00384500
17,24416036;0,90548420;2,00384500
17,28512036;0,90548420;2,00384500
17,32608036;0,90548420;2,00384500
17,36704036;0,90548420;2,00384500
17,40800036;0,90548420;2,00384500
17,44896036;0,90548420;2,00384500
17,48992036;0,90548420;2,00384500
17,53088036;0,90548420;2,00384500
17,57184036;0,90548420;2,00384500
17,61280036;0,90548420;2,00384500
17,65376036;0,90548420;2,00384500
17,69472036;0,90548420;2,00384500
17,73568036;0,90548420;2,00384500
17,77664036;0,90548420;2,00384500
17,81760036;0,90548420;2,00384500
17,85856036;0,90548420;2,00384500
17,89952036;0,90548420;2,00384500
17,94048036;0,90548420;2,00384500
17,98144036;0,90548420;2,00384500
18,02240036;0,90548420;2,00384500
18,06336036;0,90548420;2,00384500
18,10432036;0,90548420;2,00384500
18,14528036;0,90548420;2,00384500
18,18624036;0,90548420;2,00384500
18,22720036;0,90548420;2,00384500
18,26816036;0,90548420;2,00384500
18,30912036;0,90548420;2,00384500
18,35008036;0,90548420;2,00384500
18,39104036;0,90548420;2,00384500
18,43200036;0,90548420;2,00384500
18,47296036;0,90548420;2,00384500
18,51392036;0,90548420;2,00384500
18,55488036;0,90548420;2,00384500
18,59584036;0,90548420;2,00384500
18,63680036;0,90548420;2,00384500
18,67776036;0,90548420;2,00384500
18,71872036;0,90548420;2,00384500
18,75968036;0,90548420;2,00384500
18,80064036;0,90548420;2,00384500
18,84160035;0,90548420;2,00384500
18,88256035;0,90548420;2,00384500
18,92352035;0,90548420;2,00384500
18,96448035;0,90548420;2,00384500
19,00544035;0,90548420;2,00384500
19,04640035;0,90548420;2,00384500
19,08736035;0,90548420;2,00384500
19,12832035;0,90548420;2,00384500
19,16928035;0,90548420;2,00384500
19,21024035;0,90548420;2,00384500
19,25120035;0,90548420;2,00384500
19,29216035;0,90548420;2,00384500
19,33312035;0,90548420;2,00384500
19,37408035;0,90548420;2,00384500
19,41504035;0,90548420;2,00384500
19,45600035;0,90548420;2,00384500
19,49696035;0,90548420;2,00384500
19,53792035;0,90548420;2,00384500
19,57888035;0,90548420;2,00384500
19,61984035;0,90548420;2,00384500
19,66080035;0,90548420;2,00384500
19,70176035;0,90548420;2,00384500
19,74272035;0,90548420;2,00384500
19,78368035;0,90548420;2,00384500
19,82464035;0,90548420;2,00384500
19,86560035;0,90548420;2,00384500
19,90656035;0,90548420;2,00384500
19,94752035;0,90548420;2,00384500
19,98848035;0,90548420;2,00384500
20,02944035;0,90548420;2,00384500
20,07040035;0,90548420;2,00384500
20,11136035;0,90548420;2,00384500
20,15232035;0,90548420;2,00384500
20,19328035;0,90548420;2,00384500
20,23424035;0,90548420;2,00384500
20,27520035;0,90548420;2,00384500
20,31616035;0,90548420;2,00384500
20,35712035;0,90548420;2,00384500
20,39808035;0,90548420;2,00384500
20,43904035;0,90548420;2,00384500
20,48000034;0,90548420;2,00384500
20,52096034;0,90548420;2,00384500
20,56192034;0,90548420;2,00384500
20,60288034;0,90548420;2,00384500
20,64384034;0,90548420;2,00384500
20,68480034;0,90548420;2,00384500
20,72576034;0,90548420;2,00384500
20,76672034;0,90548420;2,00384500
20,80768034;0,90548420;2,00384500
20,84864034;0,90548420;2,00384500
20,88960034;0,90548420;2,00384500
20,93056034;0,90548420;2,00384500
20,97152034;0,90548420;2,00384500
21,01248034;0,90548420;2,00384500
21,05344034;0,90548420;2,00384500
21,09440034;0,90548420;2,00384500
21,13536034;0,90548420;2,00384500
21,17632034;0,90548420;2,00384500
21,21728034;0,90548420;2,00384500
21,25824034;0,90548420;2,00384500
21,29920034;0,90548420;2,00384500
21,34016034;0,90548420;2,00384500
21,38112034;0,90548420;2,00384500
21,42208034;0,90548420;2,00384500
21,46304034;0,90548420;2,00384500
21,50400034;0,90548420;2,00384500
21,54496034;0,90548420;2,00384500
21,58592034;0,90548420;2,00384500
21,62688034;0,90548420;2,00384500
21,66784034;0,90548420;2,00384500
21,70880034;0,90548420;2,00384500
21,74976034;0,90548420;2,00384500
21,79072034;0,90548420;2,00384500
21,83168034;0,90548420;2,00384500
21,87264034;0,90548420;2,00384500
21,91360034;0,90548420;2,00384500
21,95456034;0,90548420;2,00384500
21,99552034;0,90548420;2,00384500
22,03648034;0,90548420;2,00384500
22,07744034;0,90548420;2,00384500
22,11840033;0,90548420;2,00384500
22,15936033;0,90548420;2,00384500
22,20032033;0,90548420;2,00384500
22,24128033;0,90548420;2,00384500
22,28224033;0,90548420;2,00384500
22,32320033;0,90548420;2,00384500
22,36416033;0,90548420;2,00384500
22,40512033;0,99520860;2,00384500
22,44608033;0,90548420;2,00384500
22,48704033;0,90548420;2,00384500
22,52800033;0,90548420;2,00384500
22,56896033;0,99520860;2,00384500
22,60992033;0,90548420;2,00384500
22,65088033;0,99520860;2,00384500
22,69184033;0,90548420;2,00384500
22,73280033;0,90548420;2,00384500
22,77376033;0,90548420;2,00384500
22,81472033;0,99520860;2,00384500
22,85568033;0,90548420;2,00384500
22,89664033;0,99520860;2,00384500
22,93760033;0,90548420;2,00384500
22,97856033;0,90548420;2,00384500
23,01952033;0,99520860;2,00384500
23,06048033;0,99520860;2,00384500
23,10144033;0,99520860;2,00384500
23,14240033;0,90548420;2,00384500
23,18336033;0,90548420;2,00384500
23,22432033;0,99520860;2,00384500
23,26528033;0,99520860;2,00384500
23,30624033;0,90548420;2,00384500
23,34720033;0,99520860;2,00384500
23,38816033;0,90548420;2,00384500
23,42912033;0,90548420;2,00384500
23,47008033;0,90548420;2,00384500
23,51104033;0,90548420;2,00384500
23,55200033;0,90548420;2,00384500
23,59296033;0,99520860;2,00384500
23,63392033;0,99520860;2,00384500
23,67488033;0,99520860;2,00384500
23,71584033;0,90548420;2,00384500
23,75680032;0,99520860;2,00384500
23,79776032;0,90548420;2,00384500
23,83872032;0,99520860;2,00384500
23,87968032;0,90548420;2,00384500
23,92064032;0,90548420;2,00384500
23,96160032;0,90548420;2,00384500
24,00256032;0,90548420;2,00384500
24,04352032;0,90548420;2,00384500
24,08448032;0,90548420;2,00384500
24,12544032;0,90548420;2,00384500
24,16640032;0,99520860;2,00384500
24,20736032;0,99520860;2,00384500
24,24832032;0,90548420;2,00384500
24,28928032;0,99520860;2,00384500
24,33024032;0,99520860;2,00384500
24,37120032;0,99520860;2,00384500
24,41216032;0,90548420;2,00384500
24,45312032;0,99520860;2,00384500
24,49408032;0,99520860;2,00384500
24,53504032;0,99520860;2,00384500
24,57600032;0,99520860;2,00384500
24,61696032;0,99520860;2,00384500
24,65792032;0,99520860;2,00384500
24,69888032;0,90548420;2,00384500
24,73984032;0,90548420;2,00384500
24,78080032;0,90548420;2,00384500
24,82176032;0,99520860;2,00384500
24,86272032;0,99520860;2,00384500
24,90368032;0,90548420;2,00384500
24,94464032;0,90548420;2,00384500
24,98560032;0,99520860;2,00384500
25,02656032;0,99520860;2,00384500
25,06752032;0,99520860;2,00384500
25,10848032;0,90548420;2,00384500
25,14944032;0,90548420;2,00384500
25,19040032;0,99520860;2,00384500
25,23136032;0,90548420;2,00384500
25,27232032;0,99520860;2,00384500
25,31328032;0,99520860;2,00384500
25,35424032;0,99520860;2,00384500
25,39520031;0,90548420;2,00384500
25,43616031;0,99520860;2,00384500
25,47712031;0,90548420;-0,00061037
25,51808031;0,99520860;-0,00061037
25,55904031;0,90548420;-0,00061037
25,60000031;0,90548420;-0,00061037
25,64096031;0,99520860;-0,00061037
25,68192031;0,99520860;-0,00061037
25,72288031;0,99520860;-0,00061037
25,76384031;0,90548420;-0,00061037
25,80480031;0,90548420;-0,00061037
25,84576031;0,99520860;-0,00061037
25,88672031;0,99520860;-0,00061037
25,92768031;0,90548420;-0,00061037
25,96864031;0,90548420;-0,00061037
26,00960031;0,90548420;-0,00061037
26,05056031;0,90548420;-0,00061037
26,09152031;0,99520860;-0,00061037
26,13248031;0,99520860;0,09063997
26,17344031;0,90548420;-0,00061037
26,21440031;0,99520860;-0,00061037
26,25536031;0,90548420;-0,00061037
26,29632031;0,90548420;-0,00061037
26,33728031;0,99520860;-0,00061037
26,37824031;0,99520860;-0,00061037
26,41920031;0,90548420;-0,00061037
26,46016031;0,90548420;-0,00061037
26,50112031;0,99520860;-0,00061037
26,54208031;0,99520860;-0,00061037
26,58304031;0,90548420;-0,00061037
26,62400031;0,90548420;-0,00061037
26,66496031;0,99520860;-0,00061037
26,70592031;0,99520860;-0,00061037
26,74688031;0,90548420;-0,00061037
26,78784031;0,99520860;-0,00061037
26,82880031;0,99520860;-0,00061037
26,86976031;0,90548420;-0,00061037
26,91072031;0,90548420;-0,00061037
26,95168031;0,90548420;-0,00061037
26,99264031;0,90548420;-0,00061037
27,03360031;0,90548420;-0,00061037
27,07456030;0,90548420;-0,00061037
27,11552030;0,90548420;-0,00061037
27,15648030;0,90548420;-0,00061037
27,19744030;0,90548420;-0,00061037
27,23840030;0,99520860;-0,00061037
27,27936030;0,90548420;-0,00061037
27,32032030;0,99520860;-0,00061037
27,36128030;0,99520860;-0,00061037
27,40224030;0,99520860;-0,00061037
27,44320030;0,99520860;-0,00061037
27,48416030;0,90548420;-0,00061037
27,52512030;0,90548420;-0,00061037
27,56608030;0,90548420;-0,00061037
27,60704030;0,90548420;-0,00061037
27,64800030;0,90548420;-0,00061037
27,68896030;0,90548420;-0,00061037
27,72992030;0,90548420;-0,00061037
27,77088030;0,90548420;-0,00061037
27,81184030;0,99520860;-0,00061037
27,85280030;0,90548420;-0,00061037
27,89376030;0,90548420;-0,00061037
27,93472030;0,90548420;-0,00061037
27,97568030;0,90548420;-0,00061037
28,01664030;0,90548420;-0,00061037
28,05760030;0,90548420;-0,00061037
28,09856030;0,90548420;-0,00061037
28,13952030;0,90548420;-0,00061037
28,18048030;0,90548420;-0,00061037
28,22144030;0,90548420;-0,00061037
28,26240030;0,90548420;-0,00061037
28,30336030;0,90548420;-0,00061037
28,34432030;0,90548420;-0,00061037
28,38528030;0,90548420;-0,00061037
28,42624030;0,90548420;-0,00061037
28,46720030;0,90548420;-0,00061037
28,50816030;0,90548420;-0,00061037
28,54912030;0,90548420;-0,00061037
28,59008030;0,90548420;-0,00061037
28,63104030;0,90548420;-0,00061037
28,67200030;0,90548420;-0,00061037
28,71296029;0,90548420;-0,00061037
28,75392029;0,90548420;-0,00061037
28,79488029;0,90548420;-0,00061037
28,83584029;0,90548420;-0,00061037
28,87680029;0,90548420;-0,00061037
28,91776029;0,90548420;-0,00061037
28,95872029;0,90548420;0,09063997
28,99968029;0,90548420;-0,00061037
29,04064029;0,90548420;-0,00061037
29,08160029;0,90548420;-0,00061037
29,12256029;0,90548420;-0,00061037
29,16352029;0,90548420;-0,00061037
29,20448029;0,90548420;-0,00061037
29,24544029;0,99520860;-0,00061037
29,28640029;0,90548420;-0,00061037
29,32736029;0,90548420;-0,00061037
29,36832029;0,90548420;-0,00061037
29,40928029;0,90548420;-0,00061037
29,45024029;0,90548420;-0,00061037
29,49120029;0,90548420;-0,00061037
29,53216029;0,90548420;-0,00061037
29,57312029;0,90548420;-0,00061037
29,61408029;0,90548420;-0,00061037
29,65504029;0,90548420;-0,00061037
29,69600029;0,90548420;-0,00061037
29,73696029;0,90548420;-0,00061037
29,77792029;0,90548420;-0,00061037
29,81888029;0,90548420;-0,00061037
29,85984029;0,90548420;-0,00061037
29,90080029;0,90548420;-0,00061037
29,94176029;0,90548420;-0,00061037
29,98272029;0,90548420;-0,00061037
30,02368029;0,90548420;-0,00061037
30,06464029;0,90548420;-0,00061037
30,10560029;0,90548420;-0,00061037
30,14656029;0,90548420;-0,00061037
30,18752029;0,90548420;0,09063997
30,22848029;0,90548420;-0,00061037
30,26944029;0,90548420;-0,00061037
30,31040029;0,90548420;-0,00061037
30,35136028;0,90548420;-0,00061037
30,39232028;0,90548420;-0,00061037
30,43328028;0,90548420;-0,00061037
30,47424028;0,90548420;-0,00061037
30,51520028;0,90548420;-0,00061037
30,55616028;0,90548420;-0,00061037
30,59712028;0,90548420;-0,00061037
30,63808028;0,90548420;-0,00061037
30,67904028;0,90548420;-0,00061037
30,72000028;0,90548420;-0,00061037
30,76096028;0,90548420;-0,00061037
30,80192028;0,90548420;-0,00061037
30,84288028;0,90548420;-0,00061037
30,88384028;0,90548420;-0,00061037
30,92480028;0,90548420;-0,00061037
30,96576028;0,90548420;-0,00061037
31,00672028;0,90548420;-0,00061037
31,04768028;0,90548420;-0,00061037
31,08864028;0,90548420;0,09063997
31,12960028;0,90548420;-0,00061037
31,17056028;0,90548420;-0,00061037
31,21152028;0,90548420;-0,00061037
31,25248028;0,90548420;-0,00061037
31,29344028;0,90548420;-0,00061037
31,33440028;0,90548420;-0,00061037
31,37536028;0,90548420;-0,00061037
31,41632028;0,90548420;-0,00061037
31,45728028;0,90548420;-0,00061037
31,49824028;0,90548420;-0,00061037
31,53920028;0,90548420;-0,00061037
31,58016028;0,90548420;-0,00061037
31,62112028;0,90548420;-0,00061037
31,66208028;0,90548420;-0,00061037
31,70304028;0,90548420;-0,00061037
31,74400028;0,90548420;-0,00061037
31,78496028;0,90548420;-0,00061037
31,82592028;0,90548420;-0,00061037
31,86688028;0,90548420;-0,00061037
31,90784028;0,90548420;0,09063997
31,94880028;0,90548420;-0,00061037
31,98976027;0,90548420;-0,00061037
32,03072027;0,90548420;-0,00061037
32,07168027;0,90548420;-0,00061037
32,11264027;0,90548420;-0,00061037
32,15360027;0,90548420;-0,00061037
32,19456027;0,90548420;-0,00061037
32,23552027;0,90548420;-0,00061037
32,27648027;0,90548420;-0,00061037
32,31744027;0,90548420;-0,00061037
32,35840027;0,90548420;-0,00061037
32,39936027;0,90548420;-0,00061037
32,44032027;0,90548420;-0,00061037
32,48128027;0,90548420;-0,00061037
32,52224027;0,90548420;-0,00061037
32,56320027;0,90548420;-0,00061037
32,60416027;0,90548420;-0,00061037
32,64512027;0,90548420;-0,00061037
32,68608027;0,90548420;-0,00061037
32,72704027;0,90548420;-0,00061037
32,76800027;0,90548420;-0,00061037
32,80896027;0,90548420;-0,00061037
32,84992027;0,90548420;-0,00061037
32,89088027;0,90548420;-0,00061037
32,93184027;0,90548420;-0,00061037
32,97280027;0,90548420;-0,00061037
33,01376027;0,90548420;-0,00061037
33,05472027;0,90548420;-0,00061037
33,09568027;0,90548420;-0,00061037
33,13664027;0,90548420;-0,00061037
33,17760027;0,90548420;-0,00061037
33,21856027;0,90548420;-0,00061037
33,25952027;0,90548420;-0,00061037
33,30048027;0,90548420;-0,00061037
33,34144027;0,90548420;-0,00061037
33,38240027;0,90548420;-0,00061037
33,42336027;0,90548420;-0,00061037
33,46432027;0,90548420;-0,00061037
33,50528027;0,90548420;-0,00061037
33,54624027;0,90548420;-0,00061037
33,58720027;0,90548420;-0,00061037
33,62816026;0,90548420;-0,00061037
33,66912026;0,90548420;-0,00061037
33,71008026;0,90548420;-0,00061037
33,75104026;0,90548420;-0,00061037
33,79200026;0,90548420;-0,00061037
33,83296026;0,90548420;-0,00061037
33,87392026;0,90548420;-0,00061037
33,91488026;0,90548420;-0,00061037
33,95584026;0,90548420;-0,00061037
33,99680026;0,90548420;-0,00061037
34,03776026;0,90548420;-0,00061037
34,07872026;0,90548420;-0,00061037
34,11968026;0,90548420;-0,00061037
34,16064026;0,90548420;-0,00061037
34,20160026;0,90548420;-0,00061037
34,24256026;0,90548420;-0,00061037
34,28352026;0,90548420;-0,00061037
34,32448026;0,90548420;-0,00061037
34,36544026;0,90548420;-0,00061037
34,40640026;0,90548420;-0,00061037
34,44736026;0,81575980;-0,00061037
34,48832026;0,90548420;-0,00061037
34,52928026;0,90548420;-0,00061037
34,57024026;0,90548420;-0,00061037
34,61120026;0,81575980;-0,00061037
34,65216026;0,90548420;-0,00061037
34,69312026;0,90548420;-0,00061037
34,73408026;0,90548420;-0,00061037
34,77504026;0,90548420;-0,00061037
34,81600026;0,81575980;-0,00061037
34,85696026;0,90548420;-0,00061037
34,89792026;0,90548420;-0,00061037
34,93888026;0,90548420;-0,00061037
34,97984026;0,90548420;-0,00061037
35,02080026;0,90548420;-0,00061037
35,06176026;0,90548420;-0,00061037
35,10272026;0,90548420;-0,00061037
35,14368026;0,90548420;-0,00061037
35,18464026;0,90548420;-0,00061037
35,22560026;0,90548420;-0,00061037
35,26656025;0,81575980;-0,00061037
35,30752025;0,90548420;-0,00061037
35,34848025;0,90548420;-0,00061037
35,38944025;0,90548420;-0,00061037
35,43040025;0,81575980;-0,00061037
35,47136025;0,90548420;2,00384500
35,51232025;0,90548420;2,00384500
35,55328025;0,90548420;2,00384500
35,59424025;0,81575980;2,00384500
35,63520025;0,90548420;2,00384500
35,67616025;0,90548420;2,00384500
35,71712025;0,81575980;2,00384500
35,75808025;0,90548420;2,00384500
35,79904025;0,81575980;2,00384500
35,84000025;0,90548420;2,00384500
35,88096025;0,81575980;2,00384500
35,92192025;0,90548420;2,00384500
35,96288025;0,90548420;2,00384500
36,00384025;0,90548420;2,00384500
36,04480025;0,90548420;2,00384500
36,08576025;0,90548420;2,00384500
36,12672025;0,90548420;2,00384500
36,16768025;0,90548420;2,00384500
36,20864025;0,90548420;2,00384500
36,24960025;0,90548420;2,00384500
36,29056025;0,81575980;2,00384500
36,33152025;0,90548420;2,00384500
36,37248025;0,90548420;2,00384500
36,41344025;0,90548420;2,00384500
36,45440025;0,90548420;2,00384500
36,49536025;0,81575980;2,00384500
36,53632025;0,90548420;2,00384500
36,57728025;0,90548420;2,00384500
36,61824025;0,90548420;2,00384500
36,65920025;0,90548420;2,00384500
36,70016025;0,90548420;2,00384500
36,74112025;0,90548420;2,00384500
36,78208025;0,90548420;2,00384500
36,82304025;0,90548420;2,00384500
36,86400025;0,90548420;2,00384500
36,90496025;0,90548420;2,00384500
36,94592024;0,90548420;2,00384500
36,98688024;0,90548420;2,00384500
37,02784024;0,81575980;2,00384500
37,06880024;0,90548420;2,00384500
37,10976024;0,90548420;2,00384500
37,15072024;0,90548420;2,00384500
37,19168024;0,90548420;2,00384500
37,23264024;0,90548420;2,00384500
37,27360024;0,90548420;2,00384500
37,31456024;0,90548420;2,00384500
37,35552024;0,90548420;2,00384500
37,39648024;0,90548420;2,00384500
37,43744024;0,90548420;2,00384500
37,47840024;0,90548420;2,00384500
37,51936024;0,90548420;2,00384500
37,56032024;0,90548420;2,00384500
37,60128024;0,90548420;2,00384500
37,64224024;0,90548420;2,00384500
37,68320024;0,90548420;2,00384500
37,72416024;0,90548420;2,00384500
37,76512024;0,90548420;2,00384500
37,80608024;0,81575980;2,00384500
37,84704024;0,90548420;2,00384500
37,88800024;0,90548420;2,00384500
37,92896024;0,90548420;2,00384500
37,96992024;0,90548420;2,00384500
38,01088024;0,90548420;2,00384500
38,05184024;0,90548420;2,00384500
38,09280024;0,90548420;2,00384500
38,13376024;0,90548420;2,00384500
38,17472024;0,90548420;2,00384500
38,21568024;0,90548420;2,00384500
38,25664024;0,90548420;2,00384500
38,29760024;0,90548420;2,00384500
38,33856024;0,90548420;2,00384500
38,37952024;0,90548420;2,00384500
38,42048024;0,90548420;2,00384500
38,46144024;0,90548420;2,00384500
38,50240024;0,90548420;2,00384500
38,54336024;0,90548420;2,00384500
38,58432023;0,90548420;2,00384500
38,62528023;0,90548420;2,00384500
38,66624023;0,90548420;2,00384500
38,70720023;0,90548420;2,00384500
38,74816023;0,90548420;2,00384500
38,78912023;0,90548420;2,00384500
38,83008023;0,90548420;2,00384500
38,87104023;0,90548420;2,00384500
38,91200023;0,90548420;2,00384500
38,95296023;0,90548420;2,00384500
38,99392023;0,90548420;2,00384500
39,03488023;0,90548420;2,00384500
39,07584023;0,90548420;2,00384500
39,11680023;0,90548420;2,00384500
39,15776023;0,90548420;2,00384500
39,19872023;0,90548420;2,00384500
39,23968023;0,90548420;2,00384500
39,28064023;0,90548420;2,00384500
39,32160023;0,90548420;2,00384500
39,36256023;0,90548420;2,00384500
39,40352023;0,90548420;2,00384500
39,44448023;0,90548420;2,00384500
39,48544023;0,90548420;2,00384500
39,52640023;0,90548420;2,00384500
39,56736023;0,90548420;2,00384500
39,60832023;0,90548420;2,00384500
39,64928023;0,90548420;2,00384500
39,69024023;0,90548420;2,00384500
39,73120023;0,90548420;2,00384500
39,77216023;0,90548420;2,00384500
39,81312023;0,90548420;2,00384500
39,85408023;0,90548420;2,00384500
39,89504023;0,90548420;2,00384500
39,93600023;0,90548420;2,00384500
39,97696023;0,90548420;2,00384500
40,01792023;0,90548420;2,00384500
40,05888023;0,90548420;2,00384500
40,09984023;0,90548420;2,00384500
40,14080023;0,90548420;2,00384500
40,18176023;0,90548420;2,00384500
40,22272022;0,90548420;2,00384500
40,26368022;0,90548420;2,00384500
40,30464022;0,90548420;2,00384500
40,34560022;0,90548420;2,00384500
40,38656022;0,90548420;2,00384500
40,42752022;0,90548420;2,00384500
40,46848022;0,90548420;2,00384500
40,50944022;0,90548420;2,00384500
40,55040022;0,90548420;2,00384500
40,59136022;0,90548420;2,00384500
40,63232022;0,90548420;2,00384500
40,67328022;0,90548420;2,00384500
40,71424022;0,90548420;2,00384500
40,75520022;0,90548420;2,00384500
40,79616022;0,90548420;2,00384500
40,83712022;0,90548420;2,00384500
40,87808022;0,90548420;2,00384500
40,91904022;0,90548420;2,00384500
40,96000022;0,90548420;2,00384500
41,00096022;0,90548420;2,00384500
41,04192022;0,90548420;2,00384500
41,08288022;0,90548420;2,00384500
41,12384022;0,90548420;2,00384500
41,16480022;0,90548420;2,00384500
41,20576022;0,90548420;2,00384500
41,24672022;0,90548420;2,00384500
41,28768022;0,90548420;2,00384500
41,32864022;0,90548420;2,00384500
41,36960022;0,90548420;2,00384500
41,41056022;0,90548420;2,00384500
41,45152022;0,90548420;2,00384500
41,49248022;0,90548420;2,00384500
41,53344022;0,90548420;2,00384500
41,57440022;0,90548420;2,00384500
41,61536022;0,90548420;2,00384500
41,65632022;0,90548420;2,00384500
41,69728022;0,99520860;2,00384500
41,73824022;0,90548420;2,00384500
41,77920022;0,90548420;2,00384500
41,82016022;0,90548420;2,00384500
41,86112021;0,90548420;2,00384500
41,90208021;0,90548420;2,00384500
41,94304021;0,90548420;2,00384500
41,98400021;0,90548420;2,00384500
42,02496021;0,90548420;2,00384500
42,06592021;0,90548420;2,00384500
42,10688021;0,90548420;2,00384500
42,14784021;0,90548420;2,00384500
42,18880021;0,90548420;2,00384500
42,22976021;0,99520860;2,00384500
42,27072021;0,90548420;2,00384500
42,31168021;0,90548420;2,00384500
42,35264021;0,90548420;2,00384500
42,39360021;0,90548420;2,00384500
42,43456021;0,90548420;2,00384500
42,47552021;0,90548420;2,00384500
42,51648021;0,90548420;2,00384500
42,55744021;0,90548420;2,00384500
42,59840021;0,90548420;2,00384500
42,63936021;0,90548420;2,00384500
42,68032021;0,90548420;2,00384500
42,72128021;0,90548420;2,00384500
42,76224021;0,90548420;2,00384500
42,80320021;0,90548420;2,00384500
42,84416021;0,90548420;2,00384500
42,88512021;0,90548420;2,00384500
42,92608021;0,99520860;2,00384500
42,96704021;0,90548420;2,00384500
43,00800021;0,99520860;2,00384500
43,04896021;0,90548420;2,00384500
43,08992021;0,90548420;2,00384500
43,13088021;0,90548420;2,00384500
43,17184021;0,90548420;2,00384500
43,21280021;0,90548420;2,00384500
43,25376021;0,99520860;2,00384500
43,29472021;0,99520860;2,00384500
43,33568021;0,90548420;2,00384500
43,37664021;0,90548420;2,00384500
43,41760021;0,90548420;2,00384500
43,45856021;0,90548420;2,00384500
43,49952020;0,90548420;2,00384500
43,54048020;0,90548420;2,00384500
43,58144020;0,99520860;2,00384500
43,62240020;0,99520860;2,00384500
43,66336020;0,90548420;2,00384500
43,70432020;0,99520860;2,00384500
43,74528020;0,90548420;2,00384500
43,78624020;0,90548420;2,00384500
43,82720020;0,90548420;2,00384500
43,86816020;0,99520860;2,00384500
43,90912020;0,90548420;2,00384500
43,95008020;0,90548420;2,00384500
43,99104020;0,99520860;2,00384500
44,03200020;0,99520860;2,00384500
44,07296020;0,99520860;2,00384500
44,11392020;0,90548420;2,00384500
44,15488020;0,90548420;2,00384500
44,19584020;0,90548420;2,00384500
44,23680020;0,99520860;2,00384500
44,27776020;0,99520860;2,00384500
44,31872020;0,99520860;2,00384500
44,35968020;0,90548420;2,00384500
44,40064020;0,99520860;2,00384500
44,44160020;0,99520860;2,00384500
44,48256020;0,90548420;2,00384500
44,52352020;0,99520860;2,00384500
44,56448020;0,90548420;2,00384500
44,60544020;0,99520860;2,00384500
44,64640020;0,99520860;2,00384500
44,68736020;0,99520860;2,00384500
44,72832020;0,99520860;2,00384500
44,76928020;0,99520860;2,00384500
44,81024020;0,99520860;2,00384500
44,85120020;0,99520860;2,00384500
44,89216020;0,90548420;2,00384500
44,93312020;0,99520860;2,00384500
44,97408020;0,99520860;2,00384500
45,01504020;0,99520860;2,00384500
45,05600020;0,99520860;2,00384500
45,09696020;0,99520860;2,00384500
45,13792019;0,99520860;2,00384500
45,17888019;0,90548420;2,00384500
45,21984019;0,99520860;2,00384500
45,26080019;0,90548420;2,00384500
45,30176019;0,90548420;2,00384500
45,34272019;0,90548420;2,00384500
45,38368019;0,99520860;2,00384500
45,42464019;0,99520860;2,00384500
45,46560019;0,99520860;2,00384500
45,50656019;0,99520860;-0,00061037
45,54752019;0,99520860;-0,00061037
45,58848019;0,99520860;-0,00061037
45,62944019;0,99520860;-0,00061037
45,67040019;0,99520860;-0,00061037
45,71136019;0,90548420;-0,00061037
45,75232019;0,99520860;-0,00061037
45,79328019;0,90548420;-0,00061037
45,83424019;0,99520860;-0,00061037
45,87520019;0,99520860;-0,00061037
45,91616019;0,99520860;-0,00061037
45,95712019;0,99520860;-0,00061037
45,99808019;0,99520860;-0,00061037
46,03904019;0,99520860;-0,00061037
46,08000019;0,90548420;-0,00061037
46,12096019;0,99520860;-0,00061037
46,16192019;0,90548420;-0,00061037
46,20288019;0,90548420;-0,00061037
46,24384019;0,99520860;-0,00061037
46,28480019;0,90548420;-0,00061037
46,32576019;0,90548420;-0,00061037
46,36672019;0,99520860;0,09063997
46,40768019;0,99520860;-0,00061037
46,44864019;0,90548420;-0,00061037
46,48960019;0,90548420;-0,00061037
46,53056019;0,99520860;-0,00061037
46,57152019;0,99520860;-0,00061037
46,61248019;0,90548420;-0,00061037
46,65344019;0,99520860;-0,00061037
46,69440019;0,90548420;-0,00061037
46,73536019;0,90548420;-0,00061037
46,77632019;0,99520860;-0,00061037
46,81728018;0,90548420;0,09063997
46,85824018;0,90548420;-0,00061037
46,89920018;0,99520860;-0,00061037
46,94016018;0,90548420;0,09063997
46,98112018;0,99520860;-0,00061037
47,02208018;0,99520860;-0,00061037
47,06304018;0,90548420;-0,00061037
47,10400018;0,90548420;-0,00061037
47,14496018;0,90548420;-0,00061037
47,18592018;0,99520860;-0,00061037
47,22688018;0,99520860;-0,00061037
47,26784018;0,90548420;-0,00061037
47,30880018;0,90548420;-0,00061037
47,34976018;0,90548420;-0,00061037
47,39072018;0,90548420;-0,00061037
47,43168018;0,90548420;-0,00061037
47,47264018;0,90548420;-0,00061037
47,51360018;0,90548420;-0,00061037
47,55456018;0,90548420;-0,00061037
47,59552018;0,90548420;-0,00061037
47,63648018;0,90548420;-0,00061037
47,67744018;0,90548420;-0,00061037
47,71840018;0,90548420;-0,00061037
47,75936018;0,90548420;-0,00061037
47,80032018;0,90548420;-0,00061037
47,84128018;0,90548420;-0,00061037
47,88224018;0,90548420;-0,00061037
47,92320018;0,90548420;-0,00061037
47,96416018;0,99520860;-0,00061037
48,00512018;0,90548420;-0,00061037
48,04608018;0,90548420;-0,00061037
48,08704018;0,90548420;-0,00061037
48,12800018;0,90548420;-0,00061037
48,16896018;0,90548420;-0,00061037
48,20992018;0,90548420;-0,00061037
48,25088018;0,90548420;-0,00061037
48,29184018;0,90548420;-0,00061037
48,33280018;0,90548420;-0,00061037
48,37376018;0,90548420;-0,00061037
48,41472018;0,90548420;-0,00061037
48,45568017;0,90548420;-0,00061037
48,49664017;0,90548420;-0,00061037
48,53760017;0,90548420;-0,00061037
48,57856017;0,90548420;-0,00061037
48,61952017;0,90548420;-0,00061037
48,66048017;0,90548420;-0,00061037
48,70144017;0,90548420;-0,00061037
48,74240017;0,90548420;-0,00061037
48,78336017;0,90548420;-0,00061037
48,82432017;0,99520860;-0,00061037
48,86528017;0,90548420;-0,00061037
48,90624017;0,90548420;-0,00061037
48,94720017;0,90548420;-0,00061037
48,98816017;0,90548420;-0,00061037
49,02912017;0,90548420;-0,00061037
49,07008017;0,90548420;-0,00061037
49,11104017;0,90548420;-0,00061037
49,15200017;0,90548420;-0,00061037
49,19296017;0,90548420;-0,00061037
49,23392017;0,90548420;-0,00061037
49,27488017;0,90548420;-0,00061037
49,31584017;0,90548420;-0,00061037
49,35680017;0,90548420;-0,00061037
49,39776017;0,99520860;-0,00061037
49,43872017;0,90548420;-0,00061037
49,47968017;0,90548420;-0,00061037
49,52064017;0,90548420;-0,00061037
49,56160017;0,90548420;-0,00061037
49,60256017;0,90548420;-0,00061037
49,64352017;0,90548420;-0,00061037
49,68448017;0,90548420;-0,00061037
49,72544017;0,90548420;0,09063997
49,76640017;0,90548420;-0,00061037
49,80736017;0,90548420;-0,00061037
49,84832017;0,90548420;-0,00061037
49,88928017;0,90548420;-0,00061037
49,93024017;0,90548420;-0,00061037
49,97120017;0,90548420;0,09063997
50,01216017;0,90548420;-0,00061037
